"시점","상품군별(1)",인터넷쇼핑,모바일쇼핑
"2017.01","합계",3390183,3920295
"2017.01","컴퓨터 및 주변기기",288391,133993
"2017.01","가전·전자·통신기기",307496,294626
"2017.01","서적",103851,47379
"2017.01","사무·문구",37233,15959
"2017.01","의복",397422,467093
"2017.01","신발",42529,61269
"2017.01","가방",43978,99665
"2017.01","패션용품 및 액세서리",56669,86770
"2017.01","스포츠·레저용품",104489,96891
"2017.01","화장품",273399,380746
"2017.01","아동·유아용품",76647,183143
"2017.01","음·식료품",281528,394322
"2017.01","농축수산물",116799,142230
"2017.01","생활용품",245410,346900
"2017.01","자동차 및 자동차용품",34744,45400
"2017.01","가구",83204,105397
"2017.01","애완용품",22849,30247
"2017.01","여행 및 교통서비스",603688,611775
"2017.01","문화 및 레저서비스",94242,70012
"2017.01","이쿠폰서비스",14216,74432
"2017.01","음식서비스",32810,150546
"2017.01","기타서비스",41810,23788
"2017.01","기타",86780,57713
"2017.02","합계",3298823,3850025
"2017.02","컴퓨터 및 주변기기",329143,146200
"2017.02","가전·전자·통신기기",328088,298786
"2017.02","서적",106649,47680
"2017.02","사무·문구",41550,18854
"2017.02","의복",382105,445567
"2017.02","신발",44976,73655
"2017.02","가방",53127,110077
"2017.02","패션용품 및 액세서리",58915,87970
"2017.02","스포츠·레저용품",106163,100947
"2017.02","화장품",300678,428550
"2017.02","아동·유아용품",81434,180770
"2017.02","음·식료품",223285,349797
"2017.02","농축수산물",66964,100582
"2017.02","생활용품",252296,354823
"2017.02","자동차 및 자동차용품",33549,43128
"2017.02","가구",96989,122186
"2017.02","애완용품",24296,37709
"2017.02","여행 및 교통서비스",552472,557968
"2017.02","문화 및 레저서비스",72901,50991
"2017.02","이쿠폰서비스",11707,69089
"2017.02","음식서비스",28759,145165
"2017.02","기타서비스",22608,18125
"2017.02","기타",80170,61409
"2017.03","합계",3585449,4161562
"2017.03","컴퓨터 및 주변기기",322089,151262
"2017.03","가전·전자·통신기기",349185,318541
"2017.03","서적",126052,59519
"2017.03","사무·문구",45751,24255
"2017.03","의복",478990,563752
"2017.03","신발",55799,97495
"2017.03","가방",54028,114633
"2017.03","패션용품 및 액세서리",63045,102632
"2017.03","스포츠·레저용품",128706,128655
"2017.03","화장품",353850,361445
"2017.03","아동·유아용품",95343,204856
"2017.03","음·식료품",249069,392601
"2017.03","농축수산물",72315,121835
"2017.03","생활용품",266119,353374
"2017.03","자동차 및 자동차용품",37139,44158
"2017.03","가구",102935,137752
"2017.03","애완용품",25187,40078
"2017.03","여행 및 교통서비스",510654,561942
"2017.03","문화 및 레저서비스",88936,49197
"2017.03","이쿠폰서비스",12277,77872
"2017.03","음식서비스",30493,161602
"2017.03","기타서비스",19826,16120
"2017.03","기타",97661,77987
"2017.04","합계",3304819,4075976
"2017.04","컴퓨터 및 주변기기",251604,116675
"2017.04","가전·전자·통신기기",366894,349814
"2017.04","서적",82291,40127
"2017.04","사무·문구",41721,20233
"2017.04","의복",441022,531625
"2017.04","신발",54249,97379
"2017.04","가방",47250,112149
"2017.04","패션용품 및 액세서리",59952,105230
"2017.04","스포츠·레저용품",135380,147775
"2017.04","화장품",251566,331769
"2017.04","아동·유아용품",90564,203032
"2017.04","음·식료품",266606,386307
"2017.04","농축수산물",65812,110327
"2017.04","생활용품",246729,328595
"2017.04","자동차 및 자동차용품",35727,44786
"2017.04","가구",88744,117279
"2017.04","애완용품",23609,35774
"2017.04","여행 및 교통서비스",534384,600457
"2017.04","문화 및 레저서비스",66084,53515
"2017.04","이쿠폰서비스",12206,72727
"2017.04","음식서비스",30273,166271
"2017.04","기타서비스",21513,31704
"2017.04","기타",90639,72425
"2017.05","합계",3359693,4262026
"2017.05","컴퓨터 및 주변기기",241871,109053
"2017.05","가전·전자·통신기기",417717,443900
"2017.05","서적",78606,35774
"2017.05","사무·문구",39428,17810
"2017.05","의복",439084,539150
"2017.05","신발",55797,104765
"2017.05","가방",45044,107327
"2017.05","패션용품 및 액세서리",61938,106764
"2017.05","스포츠·레저용품",138288,154683
"2017.05","화장품",262428,360424
"2017.05","아동·유아용품",76554,198011
"2017.05","음·식료품",239172,394181
"2017.05","농축수산물",63704,112058
"2017.05","생활용품",247892,352665
"2017.05","자동차 및 자동차용품",38442,48770
"2017.05","가구",83217,118222
"2017.05","애완용품",22937,33175
"2017.05","여행 및 교통서비스",574594,607302
"2017.05","문화 및 레저서비스",76776,57009
"2017.05","이쿠폰서비스",14631,83982
"2017.05","음식서비스",31139,179426
"2017.05","기타서비스",18357,25133
"2017.05","기타",92076,72441
"2017.06","합계",3341138,4173992
"2017.06","컴퓨터 및 주변기기",262908,113811
"2017.06","가전·전자·통신기기",366554,385920
"2017.06","서적",78615,37657
"2017.06","사무·문구",37788,18181
"2017.06","의복",394173,515569
"2017.06","신발",54666,101494
"2017.06","가방",43903,105539
"2017.06","패션용품 및 액세서리",61378,101447
"2017.06","스포츠·레저용품",137585,151484
"2017.06","화장품",274418,378115
"2017.06","아동·유아용품",75478,183591
"2017.06","음·식료품",243369,398224
"2017.06","농축수산물",66113,114736
"2017.06","생활용품",246264,350978
"2017.06","자동차 및 자동차용품",39538,48653
"2017.06","가구",84221,119363
"2017.06","애완용품",22732,33360
"2017.06","여행 및 교통서비스",605089,605819
"2017.06","문화 및 레저서비스",86509,57802
"2017.06","이쿠폰서비스",16151,78868
"2017.06","음식서비스",25541,170090
"2017.06","기타서비스",18198,22907
"2017.06","기타",99948,80383
"2017.07","합계",3404599,4493955
"2017.07","컴퓨터 및 주변기기",252949,128025
"2017.07","가전·전자·통신기기",432760,494107
"2017.07","서적",95733,47351
"2017.07","사무·문구",35743,18084
"2017.07","의복",392273,495098
"2017.07","신발",48228,92518
"2017.07","가방",44194,107525
"2017.07","패션용품 및 액세서리",63749,106286
"2017.07","스포츠·레저용품",133912,158771
"2017.07","화장품",258757,360699
"2017.07","아동·유아용품",72696,191882
"2017.07","음·식료품",233432,404744
"2017.07","농축수산물",64551,118131
"2017.07","생활용품",240315,373275
"2017.07","자동차 및 자동차용품",41482,52762
"2017.07","가구",85175,126482
"2017.07","애완용품",22569,35931
"2017.07","여행 및 교통서비스",643280,736121
"2017.07","문화 및 레저서비스",82271,69376
"2017.07","이쿠폰서비스",15604,76023
"2017.07","음식서비스",27301,197324
"2017.07","기타서비스",24316,27703
"2017.07","기타",93311,75734
"2017.08","합계",3395357,4464301
"2017.08","컴퓨터 및 주변기기",280831,135562
"2017.08","가전·전자·통신기기",359011,399471
"2017.08","서적",100090,49898
"2017.08","사무·문구",38125,19625
"2017.08","의복",338973,419251
"2017.08","신발",40961,77350
"2017.08","가방",47640,115821
"2017.08","패션용품 및 액세서리",67589,110615
"2017.08","스포츠·레저용품",122467,143884
"2017.08","화장품",280375,372187
"2017.08","아동·유아용품",72846,190684
"2017.08","음·식료품",254664,437977
"2017.08","농축수산물",68512,125578
"2017.08","생활용품",245562,386060
"2017.08","자동차 및 자동차용품",39414,53285
"2017.08","가구",90905,136077
"2017.08","애완용품",23065,37525
"2017.08","여행 및 교통서비스",645755,760584
"2017.08","문화 및 레저서비스",101624,83259
"2017.08","이쿠폰서비스",17291,83577
"2017.08","음식서비스",34667,219093
"2017.08","기타서비스",21923,30697
"2017.08","기타",103067,76238
"2017.09","합계",3585077,4566066
"2017.09","컴퓨터 및 주변기기",270647,128865
"2017.09","가전·전자·통신기기",343507,363151
"2017.09","서적",88774,47891
"2017.09","사무·문구",39683,20792
"2017.09","의복",434408,525271
"2017.09","신발",49838,90408
"2017.09","가방",48352,116864
"2017.09","패션용품 및 액세서리",63340,107005
"2017.09","스포츠·레저용품",124327,141138
"2017.09","화장품",331282,385834
"2017.09","아동·유아용품",75971,196306
"2017.09","음·식료품",316807,511044
"2017.09","농축수산물",122538,166426
"2017.09","생활용품",265245,388499
"2017.09","자동차 및 자동차용품",36519,50478
"2017.09","가구",91966,135835
"2017.09","애완용품",24325,41752
"2017.09","여행 및 교통서비스",538530,684418
"2017.09","문화 및 레저서비스",74496,52535
"2017.09","이쿠폰서비스",17375,83024
"2017.09","음식서비스",30106,209012
"2017.09","기타서비스",92102,32185
"2017.09","기타",104940,87334
"2017.10","합계",3247093,4414710
"2017.10","컴퓨터 및 주변기기",235350,118174
"2017.10","가전·전자·통신기기",333413,394994
"2017.10","서적",72439,41293
"2017.10","사무·문구",37422,18898
"2017.10","의복",439236,595469
"2017.10","신발",47801,92565
"2017.10","가방",44345,112662
"2017.10","패션용품 및 액세서리",57204,104244
"2017.10","스포츠·레저용품",126699,148099
"2017.10","화장품",311318,366559
"2017.10","아동·유아용품",70801,189740
"2017.10","음·식료품",216216,392399
"2017.10","농축수산물",67310,107471
"2017.10","생활용품",227897,374151
"2017.10","자동차 및 자동차용품",32422,48053
"2017.10","가구",85731,137353
"2017.10","애완용품",22728,41763
"2017.10","여행 및 교통서비스",549027,658486
"2017.10","문화 및 레저서비스",97818,81688
"2017.10","이쿠폰서비스",16436,79602
"2017.10","음식서비스",32224,210551
"2017.10","기타서비스",27007,25456
"2017.10","기타",96251,75041
"2017.11","합계",3781198,5215779
"2017.11","컴퓨터 및 주변기기",302907,157832
"2017.11","가전·전자·통신기기",462529,485981
"2017.11","서적",87946,44577
"2017.11","사무·문구",44129,23812
"2017.11","의복",586462,857482
"2017.11","신발",61475,114073
"2017.11","가방",49080,120428
"2017.11","패션용품 및 액세서리",66076,123504
"2017.11","스포츠·레저용품",141177,171843
"2017.11","화장품",354520,434703
"2017.11","아동·유아용품",84549,215042
"2017.11","음·식료품",253308,448282
"2017.11","농축수산물",76101,132643
"2017.11","생활용품",274287,434326
"2017.11","자동차 및 자동차용품",39536,50031
"2017.11","가구",96351,145819
"2017.11","애완용품",25677,46998
"2017.11","여행 및 교통서비스",518560,639102
"2017.11","문화 및 레저서비스",65460,79622
"2017.11","이쿠폰서비스",20237,104091
"2017.11","음식서비스",34430,246210
"2017.11","기타서비스",31121,25590
"2017.11","기타",105278,113788
"2017.12","합계",3582993,5310654
"2017.12","컴퓨터 및 주변기기",320177,155301
"2017.12","가전·전자·통신기기",387969,427298
"2017.12","서적",103589,58092
"2017.12","사무·문구",50562,27303
"2017.12","의복",458290,737601
"2017.12","신발",52613,102315
"2017.12","가방",51051,129802
"2017.12","패션용품 및 액세서리",69667,136433
"2017.12","스포츠·레저용품",118429,139821
"2017.12","화장품",290554,412990
"2017.12","아동·유아용품",104274,272962
"2017.12","음·식료품",258055,451629
"2017.12","농축수산물",75792,146060
"2017.12","생활용품",264710,417191
"2017.12","자동차 및 자동차용품",37716,47508
"2017.12","가구",88111,132574
"2017.12","애완용품",23206,39074
"2017.12","여행 및 교통서비스",522992,755350
"2017.12","문화 및 레저서비스",71778,135272
"2017.12","이쿠폰서비스",27963,122247
"2017.12","음식서비스",40576,298964
"2017.12","기타서비스",31087,25605
"2017.12","기타",133830,139263
"2018.01","합계",3689807,5337201
"2018.01","컴퓨터 및 주변기기",324233,187441
"2018.01","가전·전자·통신기기",398999,459257
"2018.01","서적",107123,64132
"2018.01","사무·문구",46397,26473
"2018.01","의복",392385,571852
"2018.01","신발",45709,85859
"2018.01","가방",51391,135151
"2018.01","패션용품 및 액세서리",67231,128067
"2018.01","스포츠·레저용품",104533,126246
"2018.01","화장품",335960,434948
"2018.01","아동·유아용품",75872,219323
"2018.01","음·식료품",286550,560272
"2018.01","농축수산물",83591,168319
"2018.01","생활용품",261059,449370
"2018.01","자동차 및 자동차용품",31543,45677
"2018.01","가구",92737,159155
"2018.01","애완용품",24538,47640
"2018.01","여행 및 교통서비스",685630,805804
"2018.01","문화 및 레저서비스",64022,118365
"2018.01","이쿠폰서비스",20062,85532
"2018.01","음식서비스",37792,309665
"2018.01","기타서비스",42361,30782
"2018.01","기타",110089,117870
"2018.02","합계",3300302,4906994
"2018.02","컴퓨터 및 주변기기",275786,177621
"2018.02","가전·전자·통신기기",351716,418685
"2018.02","서적",93094,54689
"2018.02","사무·문구",46450,25271
"2018.02","의복",336102,489051
"2018.02","신발",40727,83720
"2018.02","가방",48277,129877
"2018.02","패션용품 및 액세서리",60565,117814
"2018.02","스포츠·레저용품",91209,109501
"2018.02","화장품",316879,429497
"2018.02","아동·유아용품",71246,197372
"2018.02","음·식료품",296445,518213
"2018.02","농축수산물",116806,172972
"2018.02","생활용품",234324,401715
"2018.02","자동차 및 자동차용품",26428,39074
"2018.02","가구",89192,152372
"2018.02","애완용품",20227,40717
"2018.02","여행 및 교통서비스",548038,698011
"2018.02","문화 및 레저서비스",61442,90396
"2018.02","이쿠폰서비스",20823,108408
"2018.02","음식서비스",35445,288800
"2018.02","기타서비스",27138,30542
"2018.02","기타",91943,132678
"2018.03","합계",3869098,5506668
"2018.03","컴퓨터 및 주변기기",310948,193113
"2018.03","가전·전자·통신기기",435766,510861
"2018.03","서적",121120,70476
"2018.03","사무·문구",51251,30649
"2018.03","의복",482845,680287
"2018.03","신발",56004,113113
"2018.03","가방",50380,143810
"2018.03","패션용품 및 액세서리",71766,138381
"2018.03","스포츠·레저용품",123291,160529
"2018.03","화장품",391775,439877
"2018.03","아동·유아용품",84298,214584
"2018.03","음·식료품",292272,534601
"2018.03","농축수산물",76413,152387
"2018.03","생활용품",271316,468022
"2018.03","자동차 및 자동차용품",36667,47231
"2018.03","가구",102507,174549
"2018.03","애완용품",22960,45674
"2018.03","여행 및 교통서비스",569662,694525
"2018.03","문화 및 레저서비스",96087,75329
"2018.03","이쿠폰서비스",23768,115826
"2018.03","음식서비스",35896,325867
"2018.03","기타서비스",32485,29349
"2018.03","기타",129620,147626
"2018.04","합계",3628814,5405460
"2018.04","컴퓨터 및 주변기기",243815,165240
"2018.04","가전·전자·통신기기",420663,524596
"2018.04","서적",91304,52865
"2018.04","사무·문구",41862,26145
"2018.04","의복",447945,630323
"2018.04","신발",55859,113580
"2018.04","가방",49197,136272
"2018.04","패션용품 및 액세서리",64739,131549
"2018.04","스포츠·레저용품",129065,169509
"2018.04","화장품",363671,438758
"2018.04","아동·유아용품",85677,234743
"2018.04","음·식료품",284398,525617
"2018.04","농축수산물",71138,144262
"2018.04","생활용품",272221,437644
"2018.04","자동차 및 자동차용품",32750,49851
"2018.04","가구",95591,165191
"2018.04","애완용품",22363,47974
"2018.04","여행 및 교통서비스",588518,731940
"2018.04","문화 및 레저서비스",67870,97095
"2018.04","이쿠폰서비스",21048,112090
"2018.04","음식서비스",47587,318369
"2018.04","기타서비스",28747,33421
"2018.04","기타",102789,118425
"2018.05","합계",3686046,5677178
"2018.05","컴퓨터 및 주변기기",237559,166676
"2018.05","가전·전자·통신기기",447810,578323
"2018.05","서적",81391,47734
"2018.05","사무·문구",39157,24464
"2018.05","의복",453370,648036
"2018.05","신발",57571,115010
"2018.05","가방",48223,142386
"2018.05","패션용품 및 액세서리",66788,131286
"2018.05","스포츠·레저용품",137411,193374
"2018.05","화장품",361374,457152
"2018.05","아동·유아용품",85549,225249
"2018.05","음·식료품",295067,553977
"2018.05","농축수산물",73233,148502
"2018.05","생활용품",259687,456275
"2018.05","자동차 및 자동차용품",32931,51080
"2018.05","가구",91504,163161
"2018.05","애완용품",22195,47039
"2018.05","여행 및 교통서비스",632925,796285
"2018.05","문화 및 레저서비스",61998,91742
"2018.05","이쿠폰서비스",31942,137108
"2018.05","음식서비스",33475,355920
"2018.05","기타서비스",29079,29302
"2018.05","기타",105807,117098
"2018.06","합계",3507124,5457951
"2018.06","컴퓨터 및 주변기기",220404,151440
"2018.06","가전·전자·통신기기",424143,539531
"2018.06","서적",72096,45257
"2018.06","사무·문구",36238,23319
"2018.06","의복",410733,607131
"2018.06","신발",55260,108990
"2018.06","가방",45187,131338
"2018.06","패션용품 및 액세서리",64458,124943
"2018.06","스포츠·레저용품",133562,191456
"2018.06","화장품",333163,439341
"2018.06","아동·유아용품",72371,199563
"2018.06","음·식료품",277793,533452
"2018.06","농축수산물",69204,145068
"2018.06","생활용품",245069,442828
"2018.06","자동차 및 자동차용품",32724,48528
"2018.06","가구",89702,153625
"2018.06","애완용품",23474,51652
"2018.06","여행 및 교통서비스",627024,786901
"2018.06","문화 및 레저서비스",74968,94653
"2018.06","이쿠폰서비스",34733,130958
"2018.06","음식서비스",38204,374849
"2018.06","기타서비스",30702,28634
"2018.06","기타",95910,104495
"2018.07","합계",3709400,5944021
"2018.07","컴퓨터 및 주변기기",239475,164775
"2018.07","가전·전자·통신기기",511557,676637
"2018.07","서적",90323,57737
"2018.07","사무·문구",37606,24920
"2018.07","의복",394750,597582
"2018.07","신발",51664,106288
"2018.07","가방",50196,141822
"2018.07","패션용품 및 액세서리",70239,139706
"2018.07","스포츠·레저용품",145252,215110
"2018.07","화장품",335961,443006
"2018.07","아동·유아용품",72132,215258
"2018.07","음·식료품",298775,568131
"2018.07","농축수산물",74924,149306
"2018.07","생활용품",258839,481341
"2018.07","자동차 및 자동차용품",35786,55245
"2018.07","가구",88726,159115
"2018.07","애완용품",21873,53975
"2018.07","여행 및 교통서비스",668379,899752
"2018.07","문화 및 레저서비스",63614,100614
"2018.07","이쿠폰서비스",32188,139718
"2018.07","음식서비스",41490,415437
"2018.07","기타서비스",30437,31983
"2018.07","기타",95215,106564
"2018.08","합계",3499822,5770559
"2018.08","컴퓨터 및 주변기기",249200,169705
"2018.08","가전·전자·통신기기",424778,535814
"2018.08","서적",91948,57276
"2018.08","사무·문구",37810,24461
"2018.08","의복",326889,501473
"2018.08","신발",38886,87067
"2018.08","가방",45336,135402
"2018.08","패션용품 및 액세서리",67109,127241
"2018.08","스포츠·레저용품",123519,176711
"2018.08","화장품",342475,459509
"2018.08","아동·유아용품",68243,207562
"2018.08","음·식료품",301451,603681
"2018.08","농축수산물",74292,160790
"2018.08","생활용품",244105,470832
"2018.08","자동차 및 자동차용품",33296,51583
"2018.08","가구",86515,157881
"2018.08","애완용품",21450,50031
"2018.08","여행 및 교통서비스",650988,909075
"2018.08","문화 및 레저서비스",75356,138171
"2018.08","이쿠폰서비스",27793,152998
"2018.08","음식서비스",43611,453319
"2018.08","기타서비스",28968,33127
"2018.08","기타",95804,106850
"2018.09","합계",3524171,5613108
"2018.09","컴퓨터 및 주변기기",226280,155899
"2018.09","가전·전자·통신기기",340868,451538
"2018.09","서적",77468,50715
"2018.09","사무·문구",33529,24862
"2018.09","의복",399362,604591
"2018.09","신발",46884,92588
"2018.09","가방",41905,134965
"2018.09","패션용품 및 액세서리",57332,112025
"2018.09","스포츠·레저용품",126162,178000
"2018.09","화장품",392815,456801
"2018.09","아동·유아용품",68616,205124
"2018.09","음·식료품",350883,649172
"2018.09","농축수산물",126449,183571
"2018.09","생활용품",238866,452938
"2018.09","자동차 및 자동차용품",30829,47628
"2018.09","가구",83475,158782
"2018.09","애완용품",18168,48060
"2018.09","여행 및 교통서비스",515727,749872
"2018.09","문화 및 레저서비스",73836,109445
"2018.09","이쿠폰서비스",35669,168207
"2018.09","음식서비스",40102,423648
"2018.09","기타서비스",95345,37839
"2018.09","기타",103602,116839
"2018.10","합계",3773503,6242938
"2018.10","컴퓨터 및 주변기기",254118,165626
"2018.10","가전·전자·통신기기",429553,559968
"2018.10","서적",80587,51156
"2018.10","사무·문구",41333,29782
"2018.10","의복",493284,857624
"2018.10","신발",50340,113895
"2018.10","가방",44515,140222
"2018.10","패션용품 및 액세서리",58805,123842
"2018.10","스포츠·레저용품",157246,232078
"2018.10","화장품",401459,492829
"2018.10","아동·유아용품",77542,231320
"2018.10","음·식료품",298644,611763
"2018.10","농축수산물",79931,158130
"2018.10","생활용품",272434,516271
"2018.10","자동차 및 자동차용품",34981,53262
"2018.10","가구",102783,193892
"2018.10","애완용품",21100,48566
"2018.10","여행 및 교통서비스",586580,742626
"2018.10","문화 및 레저서비스",61376,125104
"2018.10","이쿠폰서비스",34178,168555
"2018.10","음식서비스",41489,460967
"2018.10","기타서비스",39959,35564
"2018.10","기타",111266,129898
"2018.11","합계",3986055,6588089
"2018.11","컴퓨터 및 주변기기",275284,192882
"2018.11","가전·전자·통신기기",517411,664944
"2018.11","서적",86299,56107
"2018.11","사무·문구",43264,33099
"2018.11","의복",554222,927971
"2018.11","신발",57508,130879
"2018.11","가방",43401,136635
"2018.11","패션용품 및 액세서리",60670,131490
"2018.11","스포츠·레저용품",150248,223624
"2018.11","화장품",398730,512836
"2018.11","아동·유아용품",79117,230956
"2018.11","음·식료품",306595,621073
"2018.11","농축수산물",85916,170752
"2018.11","생활용품",273645,526203
"2018.11","자동차 및 자동차용품",42105,55994
"2018.11","가구",103195,192546
"2018.11","애완용품",19750,48551
"2018.11","여행 및 교통서비스",548742,747692
"2018.11","문화 및 레저서비스",73373,113638
"2018.11","이쿠폰서비스",39540,199645
"2018.11","음식서비스",42091,468405
"2018.11","기타서비스",42304,32916
"2018.11","기타",142644,169252
"2018.12","합계",3934853,6754848
"2018.12","컴퓨터 및 주변기기",294467,206895
"2018.12","가전·전자·통신기기",470859,573086
"2018.12","서적",102843,65657
"2018.12","사무·문구",50853,38890
"2018.12","의복",509666,880877
"2018.12","신발",54381,124855
"2018.12","가방",47722,153599
"2018.12","패션용품 및 액세서리",69189,151613
"2018.12","스포츠·레저용품",133187,199688
"2018.12","화장품",352694,520553
"2018.12","아동·유아용품",100708,292866
"2018.12","음·식료품",315251,610357
"2018.12","농축수산물",80784,173774
"2018.12","생활용품",271350,516470
"2018.12","자동차 및 자동차용품",38056,56612
"2018.12","가구",98788,181287
"2018.12","애완용품",19851,48227
"2018.12","여행 및 교통서비스",572556,824163
"2018.12","문화 및 레저서비스",69403,127346
"2018.12","이쿠폰서비스",40676,227077
"2018.12","음식서비스",52591,577758
"2018.12","기타서비스",43518,34672
"2018.12","기타",145458,168526
"2019.01","합계",3994468,6817328
"2019.01","컴퓨터 및 주변기기",329496,232016
"2019.01","가전·전자·통신기기",451529,611551
"2019.01","서적",100029,73920
"2019.01","사무·문구",42332,37433
"2019.01","의복",453476,653845
"2019.01","신발",57560,102086
"2019.01","가방",50523,151766
"2019.01","패션용품 및 액세서리",57407,133863
"2019.01","스포츠·레저용품",110120,165312
"2019.01","화장품",328732,572616
"2019.01","아동·유아용품",75693,237986
"2019.01","음·식료품",397250,796103
"2019.01","농축수산물",143447,269825
"2019.01","생활용품",274481,557289
"2019.01","자동차 및 자동차용품",35085,61383
"2019.01","가구",96792,187910
"2019.01","애완용품",20185,52633
"2019.01","여행 및 교통서비스",634258,904380
"2019.01","문화 및 레저서비스",68836,98877
"2019.01","이쿠폰서비스",35976,204146
"2019.01","음식서비스",53351,568558
"2019.01","기타서비스",62056,35746
"2019.01","기타",115855,108084
"2019.02","합계",3465165,6201706
"2019.02","컴퓨터 및 주변기기",305306,237163
"2019.02","가전·전자·통신기기",403124,578935
"2019.02","서적",90350,63967
"2019.02","사무·문구",37243,33966
"2019.02","의복",384783,574960
"2019.02","신발",53174,103257
"2019.02","가방",49676,162258
"2019.02","패션용품 및 액세서리",57275,127988
"2019.02","스포츠·레저용품",101920,150020
"2019.02","화장품",301601,561471
"2019.02","아동·유아용품",69315,217104
"2019.02","음·식료품",274273,593161
"2019.02","농축수산물",66686,164432
"2019.02","생활용품",239248,496403
"2019.02","자동차 및 자동차용품",29204,50653
"2019.02","가구",89084,184617
"2019.02","애완용품",19901,45431
"2019.02","여행 및 교통서비스",587030,830402
"2019.02","문화 및 레저서비스",69543,113392
"2019.02","이쿠폰서비스",26790,207319
"2019.02","음식서비스",48759,566204
"2019.02","기타서비스",43859,34027
"2019.02","기타",117022,104577
"2019.03","합계",4207216,7089023
"2019.03","컴퓨터 및 주변기기",313340,219156
"2019.03","가전·전자·통신기기",568865,756020
"2019.03","서적",114766,81975
"2019.03","사무·문구",43678,38063
"2019.03","의복",467275,770960
"2019.03","신발",75702,131109
"2019.03","가방",53787,176296
"2019.03","패션용품 및 액세서리",66365,144911
"2019.03","스포츠·레저용품",138742,192918
"2019.03","화장품",416273,609446
"2019.03","아동·유아용품",81126,256428
"2019.03","음·식료품",330978,696293
"2019.03","농축수산물",85583,192821
"2019.03","생활용품",290887,578305
"2019.03","자동차 및 자동차용품",43395,63498
"2019.03","가구",104367,205141
"2019.03","애완용품",21791,51353
"2019.03","여행 및 교통서비스",581118,798643
"2019.03","문화 및 레저서비스",73468,102617
"2019.03","이쿠폰서비스",34335,223209
"2019.03","음식서비스",54675,639833
"2019.03","기타서비스",40724,38262
"2019.03","기타",205975,121766
"2019.04","합계",4047525,6716261
"2019.04","컴퓨터 및 주변기기",279362,189807
"2019.04","가전·전자·통신기기",523731,610496
"2019.04","서적",86671,61239
"2019.04","사무·문구",44447,36190
"2019.04","의복",464610,739473
"2019.04","신발",78125,126046
"2019.04","가방",55233,163407
"2019.04","패션용품 및 액세서리",73293,140228
"2019.04","스포츠·레저용품",155688,205397
"2019.04","화장품",384095,579626
"2019.04","아동·유아용품",96255,257972
"2019.04","음·식료품",348841,710012
"2019.04","농축수산물",90963,195328
"2019.04","생활용품",294143,527740
"2019.04","자동차 및 자동차용품",39003,58413
"2019.04","가구",99194,189071
"2019.04","애완용품",24066,51858
"2019.04","여행 및 교통서비스",586949,808109
"2019.04","문화 및 레저서비스",94922,105113
"2019.04","이쿠폰서비스",29748,197050
"2019.04","음식서비스",49084,637236
"2019.04","기타서비스",42662,36933
"2019.04","기타",106440,89517
"2019.05","합계",4192050,7182767
"2019.05","컴퓨터 및 주변기기",263783,176325
"2019.05","가전·전자·통신기기",577082,719082
"2019.05","서적",78172,55150
"2019.05","사무·문구",38273,33876
"2019.05","의복",500106,778175
"2019.05","신발",84205,133233
"2019.05","가방",55623,169509
"2019.05","패션용품 및 액세서리",76517,157272
"2019.05","스포츠·레저용품",168489,240235
"2019.05","화장품",396828,593608
"2019.05","아동·유아용품",89934,258008
"2019.05","음·식료품",364339,747270
"2019.05","농축수산물",88609,196679
"2019.05","생활용품",296296,565994
"2019.05","자동차 및 자동차용품",43129,63207
"2019.05","가구",103232,186633
"2019.05","애완용품",24044,53419
"2019.05","여행 및 교통서비스",614613,875280
"2019.05","문화 및 레저서비스",100869,103309
"2019.05","이쿠폰서비스",35151,240829
"2019.05","음식서비스",49857,692525
"2019.05","기타서비스",45501,44706
"2019.05","기타",97398,98440
"2019.06","합계",3835061,6890105
"2019.06","컴퓨터 및 주변기기",240539,148657
"2019.06","가전·전자·통신기기",488946,688858
"2019.06","서적",70403,52055
"2019.06","사무·문구",32913,30694
"2019.06","의복",440260,693361
"2019.06","신발",84744,126674
"2019.06","가방",48750,161773
"2019.06","패션용품 및 액세서리",66261,149156
"2019.06","스포츠·레저용품",145672,217734
"2019.06","화장품",375254,569708
"2019.06","아동·유아용품",75393,228542
"2019.06","음·식료품",336297,703854
"2019.06","농축수산물",79003,190836
"2019.06","생활용품",267664,544587
"2019.06","자동차 및 자동차용품",39230,59477
"2019.06","가구",93606,180435
"2019.06","애완용품",22063,55761
"2019.06","여행 및 교통서비스",612674,871038
"2019.06","문화 및 레저서비스",110917,137409
"2019.06","이쿠폰서비스",33275,226581
"2019.06","음식서비스",52192,722286
"2019.06","기타서비스",44161,43805
"2019.06","기타",74843,86824
"2019.07","합계",4065650,7237325
"2019.07","컴퓨터 및 주변기기",271299,171823
"2019.07","가전·전자·통신기기",522133,708286
"2019.07","서적",89520,66886
"2019.07","사무·문구",36270,33219
"2019.07","의복",457448,682223
"2019.07","신발",77272,127793
"2019.07","가방",54842,155097
"2019.07","패션용품 및 액세서리",70801,161154
"2019.07","스포츠·레저용품",159170,231926
"2019.07","화장품",397100,589441
"2019.07","아동·유아용품",81422,236846
"2019.07","음·식료품",358010,734948
"2019.07","농축수산물",83075,199602
"2019.07","생활용품",280599,564752
"2019.07","자동차 및 자동차용품",38768,58536
"2019.07","가구",93750,173145
"2019.07","애완용품",22177,55767
"2019.07","여행 및 교통서비스",657421,994070
"2019.07","문화 및 레저서비스",93469,122460
"2019.07","이쿠폰서비스",35781,246695
"2019.07","음식서비스",55648,773268
"2019.07","기타서비스",44998,51758
"2019.07","기타",84678,97630
"2019.08","합계",4075273,7342882
"2019.08","컴퓨터 및 주변기기",269744,178221
"2019.08","가전·전자·통신기기",511230,687235
"2019.08","서적",88775,65476
"2019.08","사무·문구",36165,32838
"2019.08","의복",347920,564575
"2019.08","신발",59872,102668
"2019.08","가방",52064,170164
"2019.08","패션용품 및 액세서리",65641,146760
"2019.08","스포츠·레저용품",136062,201643
"2019.08","화장품",433334,606331
"2019.08","아동·유아용품",75234,233726
"2019.08","음·식료품",407028,808494
"2019.08","농축수산물",104335,217195
"2019.08","생활용품",288626,586206
"2019.08","자동차 및 자동차용품",50770,61443
"2019.08","가구",93136,186216
"2019.08","애완용품",21988,55364
"2019.08","여행 및 교통서비스",658142,1034627
"2019.08","문화 및 레저서비스",96812,123257
"2019.08","이쿠폰서비스",53619,255559
"2019.08","음식서비스",59450,857555
"2019.08","기타서비스",58226,70896
"2019.08","기타",107102,96433
"2019.09","합계",4106183,7291464
"2019.09","컴퓨터 및 주변기기",261053,174623
"2019.09","가전·전자·통신기기",462355,634009
"2019.09","서적",82034,65084
"2019.09","사무·문구",35372,34068
"2019.09","의복",431788,755340
"2019.09","신발",78129,122879
"2019.09","가방",54017,174824
"2019.09","패션용품 및 액세서리",65576,146480
"2019.09","스포츠·레저용품",138503,205431
"2019.09","화장품",483892,618749
"2019.09","아동·유아용품",80547,244722
"2019.09","음·식료품",410214,823544
"2019.09","농축수산물",126828,247714
"2019.09","생활용품",281795,577839
"2019.09","자동차 및 자동차용품",94800,74993
"2019.09","가구",92330,199190
"2019.09","애완용품",25333,57337
"2019.09","여행 및 교통서비스",533192,836955
"2019.09","문화 및 레저서비스",83251,83400
"2019.09","이쿠폰서비스",34358,242452
"2019.09","음식서비스",55127,799765
"2019.09","기타서비스",115446,59355
"2019.09","기타",80243,112710
"2019.10","합계",4255196,7752837
"2019.10","컴퓨터 및 주변기기",274936,170182
"2019.10","가전·전자·통신기기",525905,674287
"2019.10","서적",75696,58084
"2019.10","사무·문구",38660,39956
"2019.10","의복",509999,903280
"2019.10","신발",82966,129679
"2019.10","가방",54563,180964
"2019.10","패션용품 및 액세서리",63501,142827
"2019.10","스포츠·레저용품",160646,246005
"2019.10","화장품",502379,655866
"2019.10","아동·유아용품",84728,264669
"2019.10","음·식료품",363472,827011
"2019.10","농축수산물",88826,224229
"2019.10","생활용품",291248,616337
"2019.10","자동차 및 자동차용품",42339,64363
"2019.10","가구",100944,223859
"2019.10","애완용품",25295,63472
"2019.10","여행 및 교통서비스",598342,888311
"2019.10","문화 및 레저서비스",115207,91494
"2019.10","이쿠폰서비스",35621,266750
"2019.10","음식서비스",59150,854572
"2019.10","기타서비스",63323,57826
"2019.10","기타",97450,108815
"2019.11","합계",4532075,8459530
"2019.11","컴퓨터 및 주변기기",306368,221639
"2019.11","가전·전자·통신기기",568012,789341
"2019.11","서적",84329,63125
"2019.11","사무·문구",42881,42511
"2019.11","의복",592593,1117449
"2019.11","신발",97033,154452
"2019.11","가방",55558,176678
"2019.11","패션용품 및 액세서리",63314,153004
"2019.11","스포츠·레저용품",157915,259311
"2019.11","화장품",530197,680151
"2019.11","아동·유아용품",84398,277017
"2019.11","음·식료품",359235,838922
"2019.11","농축수산물",94042,231804
"2019.11","생활용품",295220,637539
"2019.11","자동차 및 자동차용품",92297,67121
"2019.11","가구",105773,223689
"2019.11","애완용품",23474,62941
"2019.11","여행 및 교통서비스",607963,889622
"2019.11","문화 및 레저서비스",88214,118599
"2019.11","이쿠폰서비스",45788,323632
"2019.11","음식서비스",61128,965853
"2019.11","기타서비스",78458,56116
"2019.11","기타",97884,109016
"2019.12","합계",4461119,8382632
"2019.12","컴퓨터 및 주변기기",339917,214960
"2019.12","가전·전자·통신기기",518944,694448
"2019.12","서적",99281,79550
"2019.12","사무·문구",49822,53476
"2019.12","의복",520303,942040
"2019.12","신발",97311,134564
"2019.12","가방",57540,187674
"2019.12","패션용품 및 액세서리",69366,172999
"2019.12","스포츠·레저용품",142094,219167
"2019.12","화장품",492965,700083
"2019.12","아동·유아용품",108853,333894
"2019.12","음·식료품",376396,840785
"2019.12","농축수산물",99393,241793
"2019.12","생활용품",298547,628739
"2019.12","자동차 및 자동차용품",49755,66041
"2019.12","가구",104115,219652
"2019.12","애완용품",24735,62290
"2019.12","여행 및 교통서비스",641388,977716
"2019.12","문화 및 레저서비스",68436,116169
"2019.12","이쿠폰서비스",40531,304831
"2019.12","음식서비스",67608,991679
"2019.12","기타서비스",93809,86448
"2019.12","기타",100009,113636
"2020.01","합계",3817529,8281045
"2020.01","컴퓨터 및 주변기기",332810,273459
"2020.01","가전·전자·통신기기",400922,662108
"2020.01","서적",86899,80101
"2020.01","사무·문구",43541,51694
"2020.01","의복",320897,734345
"2020.01","신발",54230,128160
"2020.01","가방",49427,123875
"2020.01","패션용품 및 액세서리",60205,168413
"2020.01","스포츠·레저용품",96056,178095
"2020.01","화장품",478871,667638
"2020.01","아동·유아용품",66459,260589
"2020.01","음·식료품",374501,981130
"2020.01","농축수산물",167765,324708
"2020.01","생활용품",262702,661379
"2020.01","자동차 및 자동차용품",69172,50140
"2020.01","가구",93010,212586
"2020.01","애완용품",26134,88118
"2020.01","여행 및 교통서비스",456795,947890
"2020.01","문화 및 레저서비스",55095,101406
"2020.01","이쿠폰서비스",36686,281833
"2020.01","음식서비스",66559,997060
"2020.01","기타서비스",75099,93172
"2020.01","기타",143693,213148
"2020.02","합계",3681611,8203066
"2020.02","컴퓨터 및 주변기기",358997,315829
"2020.02","가전·전자·통신기기",494994,755756
"2020.02","서적",99913,86838
"2020.02","사무·문구",47168,60230
"2020.02","의복",301806,684362
"2020.02","신발",59053,130839
"2020.02","가방",47170,121330
"2020.02","패션용품 및 액세서리",58294,157400
"2020.02","스포츠·레저용품",98994,181914
"2020.02","화장품",431677,633853
"2020.02","아동·유아용품",78227,306687
"2020.02","음·식료품",370239,1049118
"2020.02","농축수산물",141197,339871
"2020.02","생활용품",315128,818795
"2020.02","자동차 및 자동차용품",104608,49352
"2020.02","가구",116061,259379
"2020.02","애완용품",26502,90140
"2020.02","여행 및 교통서비스",222219,462317
"2020.02","문화 및 레저서비스",23350,34409
"2020.02","이쿠폰서비스",36803,297849
"2020.02","음식서비스",69058,1066123
"2020.02","기타서비스",64288,93350
"2020.02","기타",115865,207325
"2020.03","합계",3944168,8494974
"2020.03","컴퓨터 및 주변기기",401374,357883
"2020.03","가전·전자·통신기기",518520,780014
"2020.03","서적",140036,120418
"2020.03","사무·문구",47164,63087
"2020.03","의복",347668,813004
"2020.03","신발",70872,156447
"2020.03","가방",44298,104401
"2020.03","패션용품 및 액세서리",60425,161870
"2020.03","스포츠·레저용품",121914,233720
"2020.03","화장품",549437,455580
"2020.03","아동·유아용품",80931,318749
"2020.03","음·식료품",389152,1159276
"2020.03","농축수산물",134303,419899
"2020.03","생활용품",343598,893130
"2020.03","자동차 및 자동차용품",140500,56188
"2020.03","가구",130124,305747
"2020.03","애완용품",29056,97271
"2020.03","여행 및 교통서비스",101944,256114
"2020.03","문화 및 레저서비스",7023,14510
"2020.03","이쿠폰서비스",50540,310469
"2020.03","음식서비스",72457,1179839
"2020.03","기타서비스",32133,43364
"2020.03","기타",130698,193996
"2020.04","합계",3858165,8055111
"2020.04","컴퓨터 및 주변기기",388215,331746
"2020.04","가전·전자·통신기기",507840,738910
"2020.04","서적",107916,96549
"2020.04","사무·문구",44459,56577
"2020.04","의복",365979,793399
"2020.04","신발",84107,151065
"2020.04","가방",43952,91601
"2020.04","패션용품 및 액세서리",57173,145300
"2020.04","스포츠·레저용품",148167,277764
"2020.04","화장품",613725,368768
"2020.04","아동·유아용품",86909,303934
"2020.04","음·식료품",373593,1060441
"2020.04","농축수산물",122577,378336
"2020.04","생활용품",316505,739491
"2020.04","자동차 및 자동차용품",67820,62142
"2020.04","가구",122267,276478
"2020.04","애완용품",30436,95985
"2020.04","여행 및 교통서비스",90801,348887
"2020.04","문화 및 레저서비스",11059,19691
"2020.04","이쿠폰서비스",41765,304803
"2020.04","음식서비스",77618,1185383
"2020.04","기타서비스",49637,75026
"2020.04","기타",105643,152835
"2020.05","합계",3862018,8690424
"2020.05","컴퓨터 및 주변기기",323924,290304
"2020.05","가전·전자·통신기기",588332,927906
"2020.05","서적",94421,76383
"2020.05","사무·문구",44689,55196
"2020.05","의복",392840,896853
"2020.05","신발",83799,187358
"2020.05","가방",44929,108422
"2020.05","패션용품 및 액세서리",64231,164699
"2020.05","스포츠·레저용품",157202,317926
"2020.05","화장품",544433,418010
"2020.05","아동·유아용품",82169,312732
"2020.05","음·식료품",355963,1049983
"2020.05","농축수산물",109372,334508
"2020.05","생활용품",327283,810135
"2020.05","자동차 및 자동차용품",71543,70078
"2020.05","가구",120344,277223
"2020.05","애완용품",28951,97888
"2020.05","여행 및 교통서비스",108884,441793
"2020.05","문화 및 레저서비스",18708,34728
"2020.05","이쿠폰서비스",46904,306363
"2020.05","음식서비스",88284,1232526
"2020.05","기타서비스",37734,61255
"2020.05","기타",127079,218155
"2020.06","합계",4034712,8473766
"2020.06","컴퓨터 및 주변기기",328080,256409
"2020.06","가전·전자·통신기기",553380,905941
"2020.06","서적",94184,76807
"2020.06","사무·문구",46931,52884
"2020.06","의복",396757,896447
"2020.06","신발",91971,186704
"2020.06","가방",42383,115008
"2020.06","패션용품 및 액세서리",64361,170177
"2020.06","스포츠·레저용품",157255,316252
"2020.06","화장품",603221,428728
"2020.06","아동·유아용품",75891,288216
"2020.06","음·식료품",362597,994894
"2020.06","농축수산물",127419,322496
"2020.06","생활용품",333066,811922
"2020.06","자동차 및 자동차용품",197464,70836
"2020.06","가구",117566,274706
"2020.06","애완용품",30076,98370
"2020.06","여행 및 교통서비스",117662,465106
"2020.06","문화 및 레저서비스",15397,29968
"2020.06","이쿠폰서비스",43979,278728
"2020.06","음식서비스",68439,1185053
"2020.06","기타서비스",43133,61150
"2020.06","기타",123498,186963
"2020.07","합계",4023902,8821992
"2020.07","컴퓨터 및 주변기기",342726,284750
"2020.07","가전·전자·통신기기",502863,816872
"2020.07","서적",106713,86125
"2020.07","사무·문구",46632,55914
"2020.07","의복",343047,757485
"2020.07","신발",82793,161577
"2020.07","가방",49197,120113
"2020.07","패션용품 및 액세서리",68463,178097
"2020.07","스포츠·레저용품",163855,325810
"2020.07","화장품",639734,430998
"2020.07","아동·유아용품",79504,291385
"2020.07","음·식료품",392174,1104106
"2020.07","농축수산물",149236,344258
"2020.07","생활용품",331810,859709
"2020.07","자동차 및 자동차용품",93627,76341
"2020.07","가구",115979,263192
"2020.07","애완용품",31989,106231
"2020.07","여행 및 교통서비스",157901,624106
"2020.07","문화 및 레저서비스",27067,51889
"2020.07","이쿠폰서비스",54142,302087
"2020.07","음식서비스",73213,1305571
"2020.07","기타서비스",46303,68415
"2020.07","기타",124934,206960
"2020.08","합계",4021483,9394018
"2020.08","컴퓨터 및 주변기기",340705,314597
"2020.08","가전·전자·통신기기",548239,987774
"2020.08","서적",111455,95394
"2020.08","사무·문구",42054,54050
"2020.08","의복",286795,647673
"2020.08","신발",61406,137508
"2020.08","가방",45372,116548
"2020.08","패션용품 및 액세서리",57366,163605
"2020.08","스포츠·레저용품",126290,278553
"2020.08","화장품",709524,426372
"2020.08","아동·유아용품",72768,293583
"2020.08","음·식료품",384112,1169716
"2020.08","농축수산물",143637,387136
"2020.08","생활용품",325816,930650
"2020.08","자동차 및 자동차용품",121090,65391
"2020.08","가구",117632,288493
"2020.08","애완용품",30187,106451
"2020.08","여행 및 교통서비스",160661,620054
"2020.08","문화 및 레저서비스",16459,42418
"2020.08","이쿠폰서비스",47782,314354
"2020.08","음식서비스",84744,1592675
"2020.08","기타서비스",62924,101375
"2020.08","기타",124467,259648
"2020.09","합계",4220154,9598544
"2020.09","컴퓨터 및 주변기기",379361,332423
"2020.09","가전·전자·통신기기",462687,849047
"2020.09","서적",118997,103969
"2020.09","사무·문구",48104,60473
"2020.09","의복",360967,820640
"2020.09","신발",71103,147008
"2020.09","가방",44973,113579
"2020.09","패션용품 및 액세서리",55034,152268
"2020.09","스포츠·레저용품",141973,301788
"2020.09","화장품",662349,464762
"2020.09","아동·유아용품",81214,302623
"2020.09","음·식료품",513649,1381764
"2020.09","농축수산물",230277,552702
"2020.09","생활용품",332078,872005
"2020.09","자동차 및 자동차용품",122303,72216
"2020.09","가구",127333,316171
"2020.09","애완용품",30765,108682
"2020.09","여행 및 교통서비스",104505,441892
"2020.09","문화 및 레저서비스",12061,28739
"2020.09","이쿠폰서비스",52527,359792
"2020.09","음식서비스",74261,1529963
"2020.09","기타서비스",76210,66232
"2020.09","기타",117424,219809
"2020.10","합계",4175701,9681175
"2020.10","컴퓨터 및 주변기기",339603,276244
"2020.10","가전·전자·통신기기",547418,987672
"2020.10","서적",93412,79229
"2020.10","사무·문구",51390,64019
"2020.10","의복",479629,1152610
"2020.10","신발",79053,181125
"2020.10","가방",44855,119455
"2020.10","패션용품 및 액세서리",54693,158977
"2020.10","스포츠·레저용품",175550,369391
"2020.10","화장품",616397,465530
"2020.10","아동·유아용품",82228,306298
"2020.10","음·식료품",397875,1156920
"2020.10","농축수산물",133262,400662
"2020.10","생활용품",310590,832138
"2020.10","자동차 및 자동차용품",86151,69949
"2020.10","가구",128626,318062
"2020.10","애완용품",32149,112108
"2020.10","여행 및 교통서비스",146471,532341
"2020.10","문화 및 레저서비스",29574,49254
"2020.10","이쿠폰서비스",52542,319384
"2020.10","음식서비스",68510,1478372
"2020.10","기타서비스",96795,64267
"2020.10","기타",128928,187170
"2020.11","합계",4637678,10340600
"2020.11","컴퓨터 및 주변기기",394626,341688
"2020.11","가전·전자·통신기기",663471,1161320
"2020.11","서적",102210,84424
"2020.11","사무·문구",57251,71347
"2020.11","의복",552723,1219551
"2020.11","신발",109037,203835
"2020.11","가방",49657,117055
"2020.11","패션용품 및 액세서리",63378,174057
"2020.11","스포츠·레저용품",179696,352986
"2020.11","화장품",672859,509814
"2020.11","아동·유아용품",92322,304863
"2020.11","음·식료품",435169,1220170
"2020.11","농축수산물",149928,410631
"2020.11","생활용품",329747,850550
"2020.11","자동차 및 자동차용품",122181,92106
"2020.11","가구",131046,312666
"2020.11","애완용품",33422,112179
"2020.11","여행 및 교통서비스",149213,535226
"2020.11","문화 및 레저서비스",30474,38903
"2020.11","이쿠폰서비스",55372,361986
"2020.11","음식서비스",70275,1572953
"2020.11","기타서비스",55002,79680
"2020.11","기타",138622,212611
"2020.12","합계",4619202,11352931
"2020.12","컴퓨터 및 주변기기",499998,415380
"2020.12","가전·전자·통신기기",611410,1105244
"2020.12","서적",137150,119235
"2020.12","사무·문구",71186,101731
"2020.12","의복",466430,1066008
"2020.12","신발",83488,187901
"2020.12","가방",45691,112718
"2020.12","패션용품 및 액세서리",71753,213314
"2020.12","스포츠·레저용품",154353,313710
"2020.12","화장품",589316,558970
"2020.12","아동·유아용품",112654,406934
"2020.12","음·식료품",477547,1401871
"2020.12","농축수산물",188939,548078
"2020.12","생활용품",371859,972945
"2020.12","자동차 및 자동차용품",104771,88935
"2020.12","가구",143312,344516
"2020.12","애완용품",35220,125510
"2020.12","여행 및 교통서비스",90366,379276
"2020.12","문화 및 레저서비스",3484,3959
"2020.12","이쿠폰서비스",54688,483801
"2020.12","음식서비스",87035,2111121
"2020.12","기타서비스",68685,75082
"2020.12","기타",149869,216693
"2021.01","합계",4154948,10850445
"2021.01","컴퓨터 및 주변기기",439730,446647
"2021.01","가전·전자·통신기기",610054,1137541
"2021.01","서적",133659,125811
"2021.01","사무·문구",52933,78502
"2021.01","의복",304546,820338
"2021.01","신발",64255,141920
"2021.01","가방",41189,114752
"2021.01","패션용품 및 액세서리",58365,183152
"2021.01","스포츠·레저용품",112062,246233
"2021.01","화장품",613312,534439
"2021.01","아동·유아용품",76331,320975
"2021.01","음·식료품",495902,1486056
"2021.01","농축수산물",194477,612173
"2021.01","생활용품",321382,937168
"2021.01","자동차 및 자동차용품",68962,75232
"2021.01","가구",128857,345018
"2021.01","애완용품",32380,125863
"2021.01","여행 및 교통서비스",89120,407448
"2021.01","문화 및 레저서비스",10302,18727
"2021.01","이쿠폰서비스",55347,418651
"2021.01","음식서비스",67562,1988503
"2021.01","기타서비스",79824,99107
"2021.01","기타",104395,186190
"2021.02","합계",3755863,9984303
"2021.02","컴퓨터 및 주변기기",413960,435721
"2021.02","가전·전자·통신기기",512864,981223
"2021.02","서적",119527,100736
"2021.02","사무·문구",48524,71327
"2021.02","의복",257536,774700
"2021.02","신발",70186,154038
"2021.02","가방",46304,127529
"2021.02","패션용품 및 액세서리",53788,168729
"2021.02","스포츠·레저용품",97819,227289
"2021.02","화장품",471420,495492
"2021.02","아동·유아용품",70929,295361
"2021.02","음·식료품",440637,1300842
"2021.02","농축수산물",179807,522842
"2021.02","생활용품",290631,827468
"2021.02","자동차 및 자동차용품",95979,65518
"2021.02","가구",115346,319350
"2021.02","애완용품",28542,109777
"2021.02","여행 및 교통서비스",117466,452203
"2021.02","문화 및 레저서비스",25595,43253
"2021.02","이쿠폰서비스",51311,439535
"2021.02","음식서비스",60117,1792081
"2021.02","기타서비스",74512,107192
"2021.02","기타",113062,172094
"2021.03","합계",4584525,11225092
"2021.03","컴퓨터 및 주변기기",448924,422166
"2021.03","가전·전자·통신기기",612790,1052288
"2021.03","서적",144243,125426
"2021.03","사무·문구",59592,79747
"2021.03","의복",381946,1112270
"2021.03","신발",97134,217147
"2021.03","가방",55776,147292
"2021.03","패션용품 및 액세서리",65928,200804
"2021.03","스포츠·레저용품",137008,312403
"2021.03","화장품",565467,546232
"2021.03","아동·유아용품",81193,336271
"2021.03","음·식료품",457032,1383329
"2021.03","농축수산물",149084,497057
"2021.03","생활용품",335114,939547
"2021.03","자동차 및 자동차용품",284379,74510
"2021.03","가구",136085,361103
"2021.03","애완용품",33127,125099
"2021.03","여행 및 교통서비스",126601,485713
"2021.03","문화 및 레저서비스",28824,49044
"2021.03","이쿠폰서비스",63979,434759
"2021.03","음식서비스",59810,1938450
"2021.03","기타서비스",113918,156626
"2021.03","기타",146572,227810
"2021.04","합계",4117439,10833135
"2021.04","컴퓨터 및 주변기기",385886,346865
"2021.04","가전·전자·통신기기",546939,976497
"2021.04","서적",101344,90343
"2021.04","사무·문구",56309,73990
"2021.04","의복",389865,1048461
"2021.04","신발",92165,192141
"2021.04","가방",52194,141248
"2021.04","패션용품 및 액세서리",65080,203673
"2021.04","스포츠·레저용품",152182,357786
"2021.04","화장품",546303,549965
"2021.04","아동·유아용품",85608,343044
"2021.04","음·식료품",456317,1366920
"2021.04","농축수산물",140637,488527
"2021.04","생활용품",320261,903636
"2021.04","자동차 및 자동차용품",108441,85223
"2021.04","가구",121451,321435
"2021.04","애완용품",32268,123666
"2021.04","여행 및 교통서비스",161947,528860
"2021.04","문화 및 레저서비스",28977,47084
"2021.04","이쿠폰서비스",48575,407104
"2021.04","음식서비스",53982,1955642
"2021.04","기타서비스",63613,87393
"2021.04","기타",107097,193630
"2021.05","합계",4400375,11477459
"2021.05","컴퓨터 및 주변기기",358402,370299
"2021.05","가전·전자·통신기기",575594,1118449
"2021.05","서적",100641,87594
"2021.05","사무·문구",49104,67085
"2021.05","의복",356514,1048361
"2021.05","신발",106967,210579
"2021.05","가방",51301,141501
"2021.05","패션용품 및 액세서리",67050,216211
"2021.05","스포츠·레저용품",143349,360360
"2021.05","화장품",627130,571895
"2021.05","아동·유아용품",78558,346705
"2021.05","음·식료품",464656,1409129
"2021.05","농축수산물",141927,502347
"2021.05","생활용품",326245,942760
"2021.05","자동차 및 자동차용품",319303,88169
"2021.05","가구",116616,317959
"2021.05","애완용품",31206,127480
"2021.05","여행 및 교통서비스",177072,594368
"2021.05","문화 및 레저서비스",32716,57727
"2021.05","이쿠폰서비스",54538,454885
"2021.05","음식서비스",57461,2131344
"2021.05","기타서비스",58345,105388
"2021.05","기타",105681,206864
"2021.06","합계",4452474,10967488
"2021.06","컴퓨터 및 주변기기",358087,305492
"2021.06","가전·전자·통신기기",563485,1072052
"2021.06","서적",93793,87146
"2021.06","사무·문구",49442,64297
"2021.06","의복",364538,1052065
"2021.06","신발",115114,207522
"2021.06","가방",49554,132256
"2021.06","패션용품 및 액세서리",64848,204053
"2021.06","스포츠·레저용품",144128,348949
"2021.06","화장품",537069,559705
"2021.06","아동·유아용품",71013,308446
"2021.06","음·식료품",455613,1333242
"2021.06","농축수산물",139790,472559
"2021.06","생활용품",326374,928866
"2021.06","자동차 및 자동차용품",446434,87211
"2021.06","가구",121642,307447
"2021.06","애완용품",31730,127728
"2021.06","여행 및 교통서비스",178431,610876
"2021.06","문화 및 레저서비스",43239,71117
"2021.06","이쿠폰서비스",59267,437167
"2021.06","음식서비스",51466,1968130
"2021.06","기타서비스",74630,119724
"2021.06","기타",112787,161439
"2021.07","합계",4218060,11709194
"2021.07","컴퓨터 및 주변기기",398976,352086
"2021.07","가전·전자·통신기기",658089,1256457
"2021.07","서적",111844,110827
"2021.07","사무·문구",46240,63807
"2021.07","의복",334011,964134
"2021.07","신발",88639,184402
"2021.07","가방",52386,138249
"2021.07","패션용품 및 액세서리",67930,213192
"2021.07","스포츠·레저용품",150412,362127
"2021.07","화장품",494430,558236
"2021.07","아동·유아용품",73392,325984
"2021.07","음·식료품",479811,1423395
"2021.07","농축수산물",146884,503524
"2021.07","생활용품",333481,980315
"2021.07","자동차 및 자동차용품",100515,83810
"2021.07","가구",117128,308786
"2021.07","애완용품",32936,132206
"2021.07","여행 및 교통서비스",188267,600927
"2021.07","문화 및 레저서비스",29270,51373
"2021.07","이쿠폰서비스",57813,441532
"2021.07","음식서비스",59661,2358398
"2021.07","기타서비스",80773,126896
"2021.07","기타",115173,168530
"2021.08","합계",4068287,11465187
"2021.08","컴퓨터 및 주변기기",405435,368794
"2021.08","가전·전자·통신기기",576436,1088677
"2021.08","서적",114727,103920
"2021.08","사무·문구",47181,66240
"2021.08","의복",267773,809471
"2021.08","신발",84567,151193
"2021.08","가방",50221,142457
"2021.08","패션용품 및 액세서리",61175,199902
"2021.08","스포츠·레저용품",131717,333080
"2021.08","화장품",389978,584729
"2021.08","아동·유아용품",68068,306917
"2021.08","음·식료품",503976,1478414
"2021.08","농축수산물",159061,547387
"2021.08","생활용품",321971,968416
"2021.08","자동차 및 자동차용품",228381,80481
"2021.08","가구",115256,312611
"2021.08","애완용품",33839,136135
"2021.08","여행 및 교통서비스",188488,599501
"2021.08","문화 및 레저서비스",31005,59352
"2021.08","이쿠폰서비스",54536,440147
"2021.08","음식서비스",58061,2397833
"2021.08","기타서비스",76718,126660
"2021.08","기타",99717,162871
"2021.09","합계",4221087,11705406
"2021.09","컴퓨터 및 주변기기",361370,374921
"2021.09","가전·전자·통신기기",514785,1056165
"2021.09","서적",103560,103509
"2021.09","사무·문구",48154,69751
"2021.09","의복",332776,1032435
"2021.09","신발",75751,179030
"2021.09","가방",51795,154486
"2021.09","패션용품 및 액세서리",59593,200968
"2021.09","스포츠·레저용품",138450,366115
"2021.09","화장품",464003,597985
"2021.09","아동·유아용품",67934,312007
"2021.09","음·식료품",526388,1553671
"2021.09","농축수산물",222442,625561
"2021.09","생활용품",312739,965710
"2021.09","자동차 및 자동차용품",264858,92873
"2021.09","가구",107186,313366
"2021.09","애완용품",30591,134647
"2021.09","여행 및 교통서비스",179342,580426
"2021.09","문화 및 레저서비스",30655,58155
"2021.09","이쿠폰서비스",50971,493702
"2021.09","음식서비스",59192,2171862
"2021.09","기타서비스",125469,99451
"2021.09","기타",93084,168609
"2021.10","합계",4321111,12364843
"2021.10","컴퓨터 및 주변기기",389970,339560
"2021.10","가전·전자·통신기기",661197,1363174
"2021.10","서적",95322,88181
"2021.10","사무·문구",56823,80771
"2021.10","의복",448603,1381096
"2021.10","신발",84947,216769
"2021.10","가방",56886,169479
"2021.10","패션용품 및 액세서리",68668,218128
"2021.10","스포츠·레저용품",165433,418581
"2021.10","화장품",461829,567877
"2021.10","아동·유아용품",78388,328891
"2021.10","음·식료품",482799,1419084
"2021.10","농축수산물",152114,499052
"2021.10","생활용품",340251,986740
"2021.10","자동차 및 자동차용품",108271,116331
"2021.10","가구",119614,332330
"2021.10","애완용품",35561,139547
"2021.10","여행 및 교통서비스",204380,685194
"2021.10","문화 및 레저서비스",52466,80569
"2021.10","이쿠폰서비스",44770,419604
"2021.10","음식서비스",55321,2252435
"2021.10","기타서비스",58273,83875
"2021.10","기타",99223,177575
"2021.11","합계",4674470,12623590
"2021.11","컴퓨터 및 주변기기",440303,392196
"2021.11","가전·전자·통신기기",645257,1354614
"2021.11","서적",115785,91145
"2021.11","사무·문구",64673,85887
"2021.11","의복",499606,1497011
"2021.11","신발",109030,231196
"2021.11","가방",54094,172108
"2021.11","패션용품 및 액세서리",69922,234976
"2021.11","스포츠·레저용품",160537,380733
"2021.11","화장품",486791,632985
"2021.11","아동·유아용품",83407,336712
"2021.11","음·식료품",478960,1456011
"2021.11","농축수산물",148841,509742
"2021.11","생활용품",353966,982339
"2021.11","자동차 및 자동차용품",230004,150745
"2021.11","가구",124021,329856
"2021.11","애완용품",35331,139082
"2021.11","여행 및 교통서비스",251920,729359
"2021.11","문화 및 레저서비스",71001,102314
"2021.11","이쿠폰서비스",47554,476000
"2021.11","음식서비스",45502,2078946
"2021.11","기타서비스",57437,79172
"2021.11","기타",100528,180459
"2021.12","합계",4546316,13502013
"2021.12","컴퓨터 및 주변기기",504938,456349
"2021.12","가전·전자·통신기기",637081,1122314
"2021.12","서적",133369,125025
"2021.12","사무·문구",78030,115831
"2021.12","의복",468695,1427194
"2021.12","신발",103716,238136
"2021.12","가방",57408,174362
"2021.12","패션용품 및 액세서리",83741,289910
"2021.12","스포츠·레저용품",153219,351557
"2021.12","화장품",306741,713159
"2021.12","아동·유아용품",110133,434761
"2021.12","음·식료품",502045,1559974
"2021.12","농축수산물",173067,604487
"2021.12","생활용품",362958,1082015
"2021.12","자동차 및 자동차용품",131942,154444
"2021.12","가구",128053,351067
"2021.12","애완용품",34234,149873
"2021.12","여행 및 교통서비스",223718,743506
"2021.12","문화 및 레저서비스",48321,85616
"2021.12","이쿠폰서비스",65821,582129
"2021.12","음식서비스",54361,2443537
"2021.12","기타서비스",65805,85589
"2021.12","기타",118920,211181
"2022.01","합계",4094776,12852825
"2022.01","컴퓨터 및 주변기기",426178,430931
"2022.01","가전·전자·통신기기",539706,1107412
"2022.01","서적",114031,127859
"2022.01","사무·문구",53015,87726
"2022.01","의복",306188,1087342
"2022.01","신발",85092,178252
"2022.01","가방",53407,175174
"2022.01","패션용품 및 액세서리",67246,250566
"2022.01","스포츠·레저용품",113382,278711
"2022.01","화장품",255987,670680
"2022.01","아동·유아용품",69713,323126
"2022.01","음·식료품",594975,1728280
"2022.01","농축수산물",261257,771826
"2022.01","생활용품",332363,1019285
"2022.01","자동차 및 자동차용품",123132,127192
"2022.01","가구",116648,326519
"2022.01","애완용품",33967,143573
"2022.01","여행 및 교통서비스",208205,725726
"2022.01","문화 및 레저서비스",47342,76091
"2022.01","이쿠폰서비스",78296,551865
"2022.01","음식서비스",51266,2380060
"2022.01","기타서비스",81181,87128
"2022.01","기타",82200,197502
"2022.02","합계",3715625,12111972
"2022.02","컴퓨터 및 주변기기",442616,501035
"2022.02","가전·전자·통신기기",599163,1202958
"2022.02","서적",114110,114715
"2022.02","사무·문구",49244,89158
"2022.02","의복",275368,974648
"2022.02","신발",74423,179964
"2022.02","가방",52920,174941
"2022.02","패션용품 및 액세서리",59381,233617
"2022.02","스포츠·레저용품",102563,264779
"2022.02","화장품",256221,652404
"2022.02","아동·유아용품",60981,328266
"2022.02","음·식료품",432862,1531303
"2022.02","농축수산물",126714,539118
"2022.02","생활용품",294805,1038365
"2022.02","자동차 및 자동차용품",126594,113485
"2022.02","가구",117502,353892
"2022.02","애완용품",27694,140951
"2022.02","여행 및 교통서비스",186689,594503
"2022.02","문화 및 레저서비스",35905,51164
"2022.02","이쿠폰서비스",73667,488378
"2022.02","음식서비스",49522,2232203
"2022.02","기타서비스",76792,102439
"2022.02","기타",79891,209689
"2022.03","합계",4469340,13212142
"2022.03","컴퓨터 및 주변기기",436962,458719
"2022.03","가전·전자·통신기기",603523,1058191
"2022.03","서적",145116,143502
"2022.03","사무·문구",55828,94881
"2022.03","의복",373144,1298140
"2022.03","신발",98582,228639
"2022.03","가방",57806,185217
"2022.03","패션용품 및 액세서리",61137,240092
"2022.03","스포츠·레저용품",129675,348021
"2022.03","화장품",310786,691877
"2022.03","아동·유아용품",74069,367994
"2022.03","음·식료품",527640,1751207
"2022.03","농축수산물",194883,624681
"2022.03","생활용품",333853,1125872
"2022.03","자동차 및 자동차용품",299900,129400
"2022.03","가구",119727,359164
"2022.03","애완용품",30318,157424
"2022.03","여행 및 교통서비스",255814,665783
"2022.03","문화 및 레저서비스",52496,60789
"2022.03","이쿠폰서비스",83337,517998
"2022.03","음식서비스",49492,2372920
"2022.03","기타서비스",86749,115878
"2022.03","기타",88502,215750
"2022.04","합계",4262803,12667374
"2022.04","컴퓨터 및 주변기기",361297,355706
"2022.04","가전·전자·통신기기",556310,998166
"2022.04","서적",107657,102511
"2022.04","사무·문구",56128,89084
"2022.04","의복",406268,1362360
"2022.04","신발",100280,239787
"2022.04","가방",56447,170782
"2022.04","패션용품 및 액세서리",62245,235161
"2022.04","스포츠·레저용품",146358,401785
"2022.04","화장품",272809,641235
"2022.04","아동·유아용품",85998,383055
"2022.04","음·식료품",512501,1619753
"2022.04","농축수산물",181503,559539
"2022.04","생활용품",315631,1022591
"2022.04","자동차 및 자동차용품",147045,135308
"2022.04","가구",111733,310188
"2022.04","애완용품",28803,149831
"2022.04","여행 및 교통서비스",395581,902337
"2022.04","문화 및 레저서비스",68769,99217
"2022.04","이쿠폰서비스",78325,476818
"2022.04","음식서비스",43815,2091751
"2022.04","기타서비스",80340,113212
"2022.04","기타",86962,207195
"2022.05","합계",4525484,13258572
"2022.05","컴퓨터 및 주변기기",360368,373986
"2022.05","가전·전자·통신기기",579325,1137206
"2022.05","서적",108211,91712
"2022.05","사무·문구",47206,83605
"2022.05","의복",401602,1346900
"2022.05","신발",124136,245066
"2022.05","가방",59039,173755
"2022.05","패션용품 및 액세서리",67640,255613
"2022.05","스포츠·레저용품",158580,425657
"2022.05","화장품",265303,716306
"2022.05","아동·유아용품",74908,379681
"2022.05","음·식료품",525944,1666973
"2022.05","농축수산물",185270,550478
"2022.05","생활용품",330176,1050206
"2022.05","자동차 및 자동차용품",237544,150319
"2022.05","가구",112692,315342
"2022.05","애완용품",31063,156115
"2022.05","여행 및 교통서비스",465903,1048319
"2022.05","문화 및 레저서비스",100741,151901
"2022.05","이쿠폰서비스",84732,540297
"2022.05","음식서비스",44575,2074283
"2022.05","기타서비스",77519,118911
"2022.05","기타",83007,205939
"2022.06","합계",4400997,12785741
"2022.06","컴퓨터 및 주변기기",329328,308813
"2022.06","가전·전자·통신기기",548771,1135013
"2022.06","서적",91335,86468
"2022.06","사무·문구",49445,79893
"2022.06","의복",378385,1261014
"2022.06","신발",96552,241975
"2022.06","가방",59609,168519
"2022.06","패션용품 및 액세서리",64340,251309
"2022.06","스포츠·레저용품",137258,378215
"2022.06","화장품",270083,671020
"2022.06","아동·유아용품",66297,338368
"2022.06","음·식료품",501526,1596998
"2022.06","농축수산물",173729,533453
"2022.06","생활용품",308798,1060147
"2022.06","자동차 및 자동차용품",314555,146570
"2022.06","가구",104777,312650
"2022.06","애완용품",30221,158147
"2022.06","여행 및 교통서비스",470423,1039451
"2022.06","문화 및 레저서비스",129024,182553
"2022.06","이쿠폰서비스",68872,446720
"2022.06","음식서비스",39867,2073834
"2022.06","기타서비스",89966,117777
"2022.06","기타",77836,196832
"2022.07","합계",4172297,13275712
"2022.07","컴퓨터 및 주변기기",353768,345344
"2022.07","가전·전자·통신기기",567002,1207117
"2022.07","서적",109244,102619
"2022.07","사무·문구",48821,80577
"2022.07","의복",326926,1193144
"2022.07","신발",83854,222553
"2022.07","가방",52279,168364
"2022.07","패션용품 및 액세서리",63178,255782
"2022.07","스포츠·레저용품",135158,389463
"2022.07","화장품",217278,638413
"2022.07","아동·유아용품",63197,345252
"2022.07","음·식료품",503729,1648900
"2022.07","농축수산물",172612,543284
"2022.07","생활용품",302454,1080006
"2022.07","자동차 및 자동차용품",138095,147953
"2022.07","가구",103874,302640
"2022.07","애완용품",28821,159542
"2022.07","여행 및 교통서비스",499276,1174411
"2022.07","문화 및 레저서비스",93104,172433
"2022.07","이쿠폰서비스",82958,506317
"2022.07","음식서비스",43126,2253979
"2022.07","기타서비스",96900,125715
"2022.07","기타",86644,211906
"2022.08","합계",4582650,13537284
"2022.08","컴퓨터 및 주변기기",357832,368174
"2022.08","가전·전자·통신기기",587503,1203957
"2022.08","서적",113427,105752
"2022.08","사무·문구",51526,86417
"2022.08","의복",296679,1023518
"2022.08","신발",105474,190471
"2022.08","가방",56593,180504
"2022.08","패션용품 및 액세서리",65989,241550
"2022.08","스포츠·레저용품",129702,366332
"2022.08","화장품",212737,669468
"2022.08","아동·유아용품",68743,344659
"2022.08","음·식료품",612065,1900534
"2022.08","농축수산물",228230,664723
"2022.08","생활용품",321522,1134863
"2022.08","자동차 및 자동차용품",338255,112029
"2022.08","가구",109621,324265
"2022.08","애완용품",33049,167557
"2022.08","여행 및 교통서비스",494988,1219004
"2022.08","문화 및 레저서비스",88123,157755
"2022.08","이쿠폰서비스",100859,511967
"2022.08","음식서비스",42626,2232044
"2022.08","기타서비스",83021,117784
"2022.08","기타",84085,213955
"2022.09","합계",4429417,12979998
"2022.09","컴퓨터 및 주변기기",337087,347713
"2022.09","가전·전자·통신기기",459133,1160551
"2022.09","서적",101357,100821
"2022.09","사무·문구",52405,86677
"2022.09","의복",353887,1257574
"2022.09","신발",85440,212074
"2022.09","가방",55597,176420
"2022.09","패션용품 및 액세서리",61600,231388
"2022.09","스포츠·레저용품",136262,386544
"2022.09","화장품",232194,664819
"2022.09","아동·유아용품",68709,333297
"2022.09","음·식료품",524875,1727379
"2022.09","농축수산물",193060,641006
"2022.09","생활용품",290023,1037978
"2022.09","자동차 및 자동차용품",401337,135226
"2022.09","가구",99931,304149
"2022.09","애완용품",30289,162380
"2022.09","여행 및 교통서비스",457514,1044876
"2022.09","문화 및 레저서비스",99529,115687
"2022.09","이쿠폰서비스",117974,580803
"2022.09","음식서비스",36595,1963891
"2022.09","기타서비스",157004,107004
"2022.09","기타",77614,201742
"2022.10","합계",4627518,13464860
"2022.10","컴퓨터 및 주변기기",344168,327593
"2022.10","가전·전자·통신기기",653866,1420255
"2022.10","서적",88226,83653
"2022.10","사무·문구",60869,93471
"2022.10","의복",477303,1535465
"2022.10","신발",87001,241693
"2022.10","가방",54956,165074
"2022.10","패션용품 및 액세서리",73840,219589
"2022.10","스포츠·레저용품",167426,427432
"2022.10","화장품",238800,666343
"2022.10","아동·유아용품",82669,344451
"2022.10","음·식료품",560689,1598920
"2022.10","농축수산물",187868,548009
"2022.10","생활용품",346987,1012023
"2022.10","자동차 및 자동차용품",113940,141620
"2022.10","가구",112424,318457
"2022.10","애완용품",38918,157413
"2022.10","여행 및 교통서비스",493918,1139389
"2022.10","문화 및 레저서비스",102970,126635
"2022.10","이쿠폰서비스",112295,504926
"2022.10","음식서비스",37986,2099451
"2022.10","기타서비스",99534,103319
"2022.10","기타",90865,189679
"2022.11","합계",4871573,13716503
"2022.11","컴퓨터 및 주변기기",397312,403671
"2022.11","가전·전자·통신기기",587368,1275010
"2022.11","서적",106473,92335
"2022.11","사무·문구",70509,104942
"2022.11","의복",517977,1569815
"2022.11","신발",122551,254545
"2022.11","가방",65056,170692
"2022.11","패션용품 및 액세서리",76868,247205
"2022.11","스포츠·레저용품",164837,387397
"2022.11","화장품",213720,705370
"2022.11","아동·유아용품",90972,358944
"2022.11","음·식료품",601190,1682561
"2022.11","농축수산물",204945,559431
"2022.11","생활용품",376006,1045604
"2022.11","자동차 및 자동차용품",215519,161479
"2022.11","가구",116530,318303
"2022.11","애완용품",39102,161573
"2022.11","여행 및 교통서비스",451186,1124410
"2022.11","문화 및 레저서비스",86217,116605
"2022.11","이쿠폰서비스",126376,616850
"2022.11","음식서비스",36591,2036813
"2022.11","기타서비스",110849,126075
"2022.11","기타",93419,196872
"2022.12","합계",4926269,14181860
"2022.12","컴퓨터 및 주변기기",412450,350329
"2022.12","가전·전자·통신기기",572088,1175938
"2022.12","서적",110666,108598
"2022.12","사무·문구",81703,128385
"2022.12","의복",506958,1546355
"2022.12","신발",106666,267902
"2022.12","가방",61074,161697
"2022.12","패션용품 및 액세서리",91150,323343
"2022.12","스포츠·레저용품",148145,356073
"2022.12","화장품",210926,719183
"2022.12","아동·유아용품",108600,434810
"2022.12","음·식료품",624911,1685596
"2022.12","농축수산물",225357,608488
"2022.12","생활용품",377567,1072582
"2022.12","자동차 및 자동차용품",156647,146978
"2022.12","가구",117310,306648
"2022.12","애완용품",40773,165813
"2022.12","여행 및 교통서비스",499580,1259188
"2022.12","문화 및 레저서비스",85344,149743
"2022.12","이쿠폰서비스",142893,641890
"2022.12","음식서비스",40575,2258120
"2022.12","기타서비스",102496,95323
"2022.12","기타",102391,218876
"2023.01","합계",4481985,13610956
"2023.01","컴퓨터 및 주변기기",375940,410682
"2023.01","가전·전자·통신기기",506317,1166020
"2023.01","서적",98625,116468
"2023.01","사무·문구",54825,96972
"2023.01","의복",331433,1145700
"2023.01","신발",96237,180647
"2023.01","가방",63259,170248
"2023.01","패션용품 및 액세서리",71468,238945
"2023.01","스포츠·레저용품",104449,266776
"2023.01","화장품",176876,748482
"2023.01","아동·유아용품",69206,335724
"2023.01","음·식료품",692345,1874149
"2023.01","농축수산물",285794,784252
"2023.01","생활용품",311929,1017226
"2023.01","자동차 및 자동차용품",105236,128999
"2023.01","가구",105700,309620
"2023.01","애완용품",36396,163514
"2023.01","여행 및 교통서비스",584015,1229959
"2023.01","문화 및 레저서비스",68022,131100
"2023.01","이쿠폰서비스",134069,624263
"2023.01","음식서비스",39031,2189819
"2023.01","기타서비스",93449,93262
"2023.01","기타",77363,188130
"2023.02","합계",4417410,12673618
"2023.02","컴퓨터 및 주변기기",423513,465802
"2023.02","가전·전자·통신기기",551798,1207891
"2023.02","서적",110799,105771
"2023.02","사무·문구",58557,102917
"2023.02","의복",363179,1116883
"2023.02","신발",111566,193134
"2023.02","가방",69355,171059
"2023.02","패션용품 및 액세서리",66612,221443
"2023.02","스포츠·레저용품",107922,268591
"2023.02","화장품",184919,693790
"2023.02","아동·유아용품",69629,328161
"2023.02","음·식료품",536671,1596972
"2023.02","농축수산물",182667,548395
"2023.02","생활용품",302008,969387
"2023.02","자동차 및 자동차용품",113495,123000
"2023.02","가구",114948,332564
"2023.02","애완용품",34887,150294
"2023.02","여행 및 교통서비스",589263,1167555
"2023.02","문화 및 레저서비스",72368,119465
"2023.02","이쿠폰서비스",156777,561656
"2023.02","음식서비스",34709,1991042
"2023.02","기타서비스",86936,94999
"2023.02","기타",74831,142849
"2023.03","합계",4970944,13768410
"2023.03","컴퓨터 및 주변기기",437404,428129
"2023.03","가전·전자·통신기기",501534,1083240
"2023.03","서적",127559,131571
"2023.03","사무·문구",69135,109050
"2023.03","의복",465667,1477419
"2023.03","신발",118103,252523
"2023.03","가방",77683,187534
"2023.03","패션용품 및 액세서리",79189,244241
"2023.03","스포츠·레저용품",143372,359069
"2023.03","화장품",218354,756464
"2023.03","아동·유아용품",87886,372581
"2023.03","음·식료품",638699,1811457
"2023.03","농축수산물",215628,601484
"2023.03","생활용품",363734,1083080
"2023.03","자동차 및 자동차용품",227290,133687
"2023.03","가구",128456,347609
"2023.03","애완용품",39104,169118
"2023.03","여행 및 교통서비스",565990,1174473
"2023.03","문화 및 레저서비스",85868,119032
"2023.03","이쿠폰서비스",169461,591396
"2023.03","음식서비스",37127,2070561
"2023.03","기타서비스",86920,98911
"2023.03","기타",86780,165780
"2023.04","합계",4686597,13227225
"2023.04","컴퓨터 및 주변기기",347754,330998
"2023.04","가전·전자·통신기기",478667,1029660
"2023.04","서적",90479,93277
"2023.04","사무·문구",60639,97223
"2023.04","의복",450123,1335649
"2023.04","신발",114715,227138
"2023.04","가방",69600,175631
"2023.04","패션용품 및 액세서리",75074,233827
"2023.04","스포츠·레저용품",145879,373870
"2023.04","화장품",249648,722165
"2023.04","아동·유아용품",90754,367883
"2023.04","음·식료품",614351,1735895
"2023.04","농축수산물",204092,580993
"2023.04","생활용품",341253,1018331
"2023.04","자동차 및 자동차용품",131419,135740
"2023.04","가구",114238,306137
"2023.04","애완용품",35973,161892
"2023.04","여행 및 교통서비스",580460,1241974
"2023.04","문화 및 레저서비스",94355,125224
"2023.04","이쿠폰서비스",179703,585189
"2023.04","음식서비스",37464,2064462
"2023.04","기타서비스",94086,115735
"2023.04","기타",85872,168332
"2023.05","합계",4988680,14388585
"2023.05","컴퓨터 및 주변기기",341733,370133
"2023.05","가전·전자·통신기기",551758,1250125
"2023.05","서적",100972,89264
"2023.05","사무·문구",54827,91509
"2023.05","의복",456637,1434480
"2023.05","신발",115789,255996
"2023.05","가방",68854,179763
"2023.05","패션용품 및 액세서리",76759,256177
"2023.05","스포츠·레저용품",152682,415252
"2023.05","화장품",253945,767988
"2023.05","아동·유아용품",81172,391528
"2023.05","음·식료품",639645,1857810
"2023.05","농축수산물",210497,623464
"2023.05","생활용품",352127,1122518
"2023.05","자동차 및 자동차용품",160419,147195
"2023.05","가구",114639,325411
"2023.05","애완용품",38350,172180
"2023.05","여행 및 교통서비스",719385,1404482
"2023.05","문화 및 레저서비스",112671,149701
"2023.05","이쿠폰서비스",182052,667821
"2023.05","음식서비스",37326,2143926
"2023.05","기타서비스",86425,110144
"2023.05","기타",80019,161719
"2023.06","합계",5044866,13569120
"2023.06","컴퓨터 및 주변기기",328413,313273
"2023.06","가전·전자·통신기기",529632,1186718
"2023.06","서적",84524,85082
"2023.06","사무·문구",54842,84150
"2023.06","의복",454820,1258930
"2023.06","신발",97422,237120
"2023.06","가방",65330,158700
"2023.06","패션용품 및 액세서리",73965,235010
"2023.06","스포츠·레저용품",147361,379058
"2023.06","화장품",229694,727744
"2023.06","아동·유아용품",75827,334851
"2023.06","음·식료품",613103,1793925
"2023.06","농축수산물",210887,612983
"2023.06","생활용품",350740,1097985
"2023.06","자동차 및 자동차용품",370151,146806
"2023.06","가구",115115,311497
"2023.06","애완용품",39007,169701
"2023.06","여행 및 교통서비스",669668,1336536
"2023.06","문화 및 레저서비스",154864,179180
"2023.06","이쿠폰서비스",168578,579491
"2023.06","음식서비스",35242,2095103
"2023.06","기타서비스",93250,102293
"2023.06","기타",82435,142982
"2023.07","합계",4798542,14145769
"2023.07","컴퓨터 및 주변기기",338837,337786
"2023.07","가전·전자·통신기기",542166,1264336
"2023.07","서적",100858,107898
"2023.07","사무·문구",54609,81848
"2023.07","의복",393115,1232187
"2023.07","신발",106277,225236
"2023.07","가방",64785,174718
"2023.07","패션용품 및 액세서리",74752,250616
"2023.07","스포츠·레저용품",134420,358963
"2023.07","화장품",229742,715633
"2023.07","아동·유아용품",72374,339610
"2023.07","음·식료품",615947,1859107
"2023.07","농축수산물",215737,630956
"2023.07","생활용품",344831,1131991
"2023.07","자동차 및 자동차용품",147508,143513
"2023.07","가구",113771,323902
"2023.07","애완용품",37300,175553
"2023.07","여행 및 교통서비스",719912,1481189
"2023.07","문화 및 레저서비스",105407,168185
"2023.07","이쿠폰서비스",157710,592197
"2023.07","음식서비스",38437,2305345
"2023.07","기타서비스",99799,110521
"2023.07","기타",90249,134481
"2023.08","합계",4976586,14215585
"2023.08","컴퓨터 및 주변기기",336170,341010
"2023.08","가전·전자·통신기기",574268,1277518
"2023.08","서적",100782,105234
"2023.08","사무·문구",57365,86225
"2023.08","의복",356631,1028897
"2023.08","신발",85173,184003
"2023.08","가방",64438,176475
"2023.08","패션용품 및 액세서리",71404,242322
"2023.08","스포츠·레저용품",129569,348294
"2023.08","화장품",230334,758581
"2023.08","아동·유아용품",72657,332525
"2023.08","음·식료품",651298,1974401
"2023.08","농축수산물",235734,697364
"2023.08","생활용품",350671,1132410
"2023.08","자동차 및 자동차용품",187869,143474
"2023.08","가구",117137,329364
"2023.08","애완용품",39960,179278
"2023.08","여행 및 교통서비스",743532,1495796
"2023.08","문화 및 레저서비스",125125,166672
"2023.08","이쿠폰서비스",202636,626352
"2023.08","음식서비스",37800,2331354
"2023.08","기타서비스",121017,122677
"2023.08","기타",85016,135357
"2023.09","합계",5325919,13856324
"2023.09","컴퓨터 및 주변기기",318355,327212
"2023.09","가전·전자·통신기기",451222,1047231
"2023.09","서적",90717,96053
"2023.09","사무·문구",55517,85382
"2023.09","의복",448876,1149527
"2023.09","신발",80459,196863
"2023.09","가방",63872,167887
"2023.09","패션용품 및 액세서리",69507,215380
"2023.09","스포츠·레저용품",134155,353806
"2023.09","화장품",221370,775286
"2023.09","아동·유아용품",72518,326274
"2023.09","음·식료품",708799,2029357
"2023.09","농축수산물",313262,864101
"2023.09","생활용품",328041,1072760
"2023.09","자동차 및 자동차용품",440191,139580
"2023.09","가구",106866,306109
"2023.09","애완용품",35585,169643
"2023.09","여행 및 교통서비스",726377,1372980
"2023.09","문화 및 레저서비스",100934,121855
"2023.09","이쿠폰서비스",269102,712718
"2023.09","음식서비스",34191,2107896
"2023.09","기타서비스",176846,92314
"2023.09","기타",79158,126112
"2023.10","합계",5354783,14799928
"2023.10","컴퓨터 및 주변기기",326080,311758
"2023.10","가전·전자·통신기기",658521,1526898
"2023.10","서적",80578,85572
"2023.10","사무·문구",62624,94806
"2023.10","의복",531674,1623765
"2023.10","신발",121081,241675
"2023.10","가방",59613,162246
"2023.10","패션용품 및 액세서리",64167,228324
"2023.10","스포츠·레저용품",164201,425786
"2023.10","화장품",250276,796492
"2023.10","아동·유아용품",80637,363465
"2023.10","음·식료품",609620,1855749
"2023.10","농축수산물",229154,657736
"2023.10","생활용품",357190,1148536
"2023.10","자동차 및 자동차용품",268411,142942
"2023.10","가구",116953,346541
"2023.10","애완용품",40566,182051
"2023.10","여행 및 교통서비스",740015,1388873
"2023.10","문화 및 레저서비스",120519,152225
"2023.10","이쿠폰서비스",243721,665777
"2023.10","음식서비스",36004,2153610
"2023.10","기타서비스",111532,104606
"2023.10","기타",81645,140495
"2023.11","합계",5634058,15371299
"2023.11","컴퓨터 및 주변기기",373633,384270
"2023.11","가전·전자·통신기기",617863,1507507
"2023.11","서적",97660,96860
"2023.11","사무·문구",75790,115371
"2023.11","의복",636149,1763483
"2023.11","신발",109520,272467
"2023.11","가방",62907,154837
"2023.11","패션용품 및 액세서리",74205,294280
"2023.11","스포츠·레저용품",165581,411503
"2023.11","화장품",262746,839098
"2023.11","아동·유아용품",84949,372049
"2023.11","음·식료품",636634,1945500
"2023.11","농축수산물",238688,695656
"2023.11","생활용품",390902,1182199
"2023.11","자동차 및 자동차용품",381717,172136
"2023.11","가구",127174,358951
"2023.11","애완용품",39185,179635
"2023.11","여행 및 교통서비스",664179,1369969
"2023.11","문화 및 레저서비스",115104,142490
"2023.11","이쿠폰서비스",232052,700440
"2023.11","음식서비스",34532,2126642
"2023.11","기타서비스",124265,116073
"2023.11","기타",88620,169882
"2023.12","합계",5148328,15405198
"2023.12","컴퓨터 및 주변기기",378497,361998
"2023.12","가전·전자·통신기기",497098,1270534
"2023.12","서적",105457,126297
"2023.12","사무·문구",80738,132219
"2023.12","의복",517533,1505334
"2023.12","신발",81751,251828
"2023.12","가방",64875,165230
"2023.12","패션용품 및 액세서리",79015,341856
"2023.12","스포츠·레저용품",130576,322373
"2023.12","화장품",204952,857484
"2023.12","아동·유아용품",101980,418981
"2023.12","음·식료품",616095,1933986
"2023.12","농축수산물",243152,766183
"2023.12","생활용품",356308,1179688
"2023.12","자동차 및 자동차용품",231478,152368
"2023.12","가구",119968,343591
"2023.12","애완용품",38657,185603
"2023.12","여행 및 교통서비스",704069,1466681
"2023.12","문화 및 레저서비스",92373,156355
"2023.12","이쿠폰서비스",244462,817276
"2023.12","음식서비스",38326,2381216
"2023.12","기타서비스",129500,109889
"2023.12","기타",91467,158231
"2024.01","합계",5197928,15037029
"2024.01","컴퓨터 및 주변기기",439597,449009
"2024.01","가전·전자·통신기기",560217,1370322
"2024.01","서적",100593,132183
"2024.01","사무·문구",64381,110076
"2024.01","의복",379770,1147457
"2024.01","신발",71931,181386
"2024.01","가방",64242,161386
"2024.01","패션용품 및 액세서리",67812,273952
"2024.01","스포츠·레저용품",107746,279396
"2024.01","화장품",234226,855614
"2024.01","아동·유아용품",69097,341983
"2024.01","음·식료품",734608,2186402
"2024.01","농축수산물",305572,891134
"2024.01","생활용품",352013,1156589
"2024.01","자동차 및 자동차용품",144706,132437
"2024.01","가구",126170,371359
"2024.01","애완용품",39206,184485
"2024.01","여행 및 교통서비스",769509,1552361
"2024.01","문화 및 레저서비스",82961,124030
"2024.01","이쿠폰서비스",243042,660865
"2024.01","음식서비스",35195,2210858
"2024.01","기타서비스",125896,128982
"2024.01","기타",79438,134763
"2024.02","합계",4742785,14321769
"2024.02","컴퓨터 및 주변기기",402304,440779
"2024.02","가전·전자·통신기기",467828,1240926
"2024.02","서적",97750,112127
"2024.02","사무·문구",57331,103836
"2024.02","의복",423847,1123200
"2024.02","신발",110624,191635
"2024.02","가방",63914,166454
"2024.02","패션용품 및 액세서리",74606,248569
"2024.02","스포츠·레저용품",96858,269653
"2024.02","화장품",165689,795821
"2024.02","아동·유아용품",65129,344533
"2024.02","음·식료품",594206,1990616
"2024.02","농축수산물",252586,836889
"2024.02","생활용품",305881,1111994
"2024.02","자동차 및 자동차용품",155649,126339
"2024.02","가구",117504,374967
"2024.02","애완용품",35140,170070
"2024.02","여행 및 교통서비스",696352,1452625
"2024.02","문화 및 레저서비스",93719,144046
"2024.02","이쿠폰서비스",257793,714703
"2024.02","음식서비스",33321,2118564
"2024.02","기타서비스",103288,120873
"2024.02","기타",71466,122551
"2024.03","합계",5289469,15140414
"2024.03","컴퓨터 및 주변기기",399974,432423
"2024.03","가전·전자·통신기기",454982,1185981
"2024.03","서적",123993,144454
"2024.03","사무·문구",67162,118031
"2024.03","의복",429107,1443690
"2024.03","신발",93311,230190
"2024.03","가방",65890,176519
"2024.03","패션용품 및 액세서리",89992,258159
"2024.03","스포츠·레저용품",119351,353768
"2024.03","화장품",201188,878433
"2024.03","아동·유아용품",79224,380711
"2024.03","음·식료품",644042,2134090
"2024.03","농축수산물",249467,786491
"2024.03","생활용품",356305,1226652
"2024.03","자동차 및 자동차용품",505268,141821
"2024.03","가구",135454,396144
"2024.03","애완용품",37521,185364
"2024.03","여행 및 교통서비스",675336,1420960
"2024.03","문화 및 레저서비스",119214,137801
"2024.03","이쿠폰서비스",241507,626270
"2024.03","음식서비스",33851,2244521
"2024.03","기타서비스",91002,105169
"2024.03","기타",76329,132772
"2024.04","합계",4992930,14818857
"2024.04","컴퓨터 및 주변기기",344117,346251
"2024.04","가전·전자·통신기기",496135,1174102
"2024.04","서적",89172,101982
"2024.04","사무·문구",61387,105658
"2024.04","의복",448064,1470830
"2024.04","신발",98939,235227
"2024.04","가방",60395,159696
"2024.04","패션용품 및 액세서리",87133,256144
"2024.04","스포츠·레저용품",137165,397080
"2024.04","화장품",221117,834974
"2024.04","아동·유아용품",90138,386851
"2024.04","음·식료품",634821,2135330
"2024.04","농축수산물",239240,753076
"2024.04","생활용품",348782,1182190
"2024.04","자동차 및 자동차용품",200419,142092
"2024.04","가구",127454,356930
"2024.04","애완용품",36877,181948
"2024.04","여행 및 교통서비스",670869,1418021
"2024.04","문화 및 레저서비스",118206,143161
"2024.04","이쿠폰서비스",260475,606971
"2024.04","음식서비스",30743,2177985
"2024.04","기타서비스",113181,123340
"2024.04","기타",78099,129018
"2024.05","합계",5299719,15546522
"2024.05","컴퓨터 및 주변기기",332596,361813
"2024.05","가전·전자·통신기기",529923,1259795
"2024.05","서적",99780,97466
"2024.05","사무·문구",55026,100168
"2024.05","의복",427226,1399003
"2024.05","신발",112591,247047
"2024.05","가방",58814,161312
"2024.05","패션용품 및 액세서리",88908,269154
"2024.05","스포츠·레저용품",138389,402462
"2024.05","화장품",208602,872990
"2024.05","아동·유아용품",81119,387074
"2024.05","음·식료품",662590,2229613
"2024.05","농축수산물",253464,791694
"2024.05","생활용품",355660,1249947
"2024.05","자동차 및 자동차용품",383201,155358
"2024.05","가구",110835,357678
"2024.05","애완용품",37561,188167
"2024.05","여행 및 교통서비스",792951,1575924
"2024.05","문화 및 레저서비스",103534,140195
"2024.05","이쿠폰서비스",261484,700496
"2024.05","음식서비스",31338,2329752
"2024.05","기타서비스",102682,135046
"2024.05","기타",71448,134369
"2024.06","합계",5107483,14940186
"2024.06","컴퓨터 및 주변기기",359011,314339
"2024.06","가전·전자·통신기기",514422,1302222
"2024.06","서적",80615,92859
"2024.06","사무·문구",50568,87618
"2024.06","의복",451747,1323126
"2024.06","신발",79279,234743
"2024.06","가방",50869,143341
"2024.06","패션용품 및 액세서리",68303,256759
"2024.06","스포츠·레저용품",126397,365987
"2024.06","화장품",183371,836345
"2024.06","아동·유아용품",69681,339075
"2024.06","음·식료품",609041,2084228
"2024.06","농축수산물",238294,736958
"2024.06","생활용품",339506,1223345
"2024.06","자동차 및 자동차용품",496921,148891
"2024.06","가구",107156,346059
"2024.06","애완용품",37060,184108
"2024.06","여행 및 교통서비스",642477,1434229
"2024.06","문화 및 레저서비스",156252,174140
"2024.06","이쿠폰서비스",243868,705911
"2024.06","음식서비스",31818,2364246
"2024.06","기타서비스",107251,126105
"2024.06","기타",63577,115554
"2024.07","합계",4822743,15093031
"2024.07","컴퓨터 및 주변기기",315227,312830
"2024.07","가전·전자·통신기기",535828,1429925
"2024.07","서적",108258,117984
"2024.07","사무·문구",55892,93578
"2024.07","의복",402414,1240302
"2024.07","신발",82897,232687
"2024.07","가방",58124,152848
"2024.07","패션용품 및 액세서리",73567,276501
"2024.07","스포츠·레저용품",123166,336729
"2024.07","화장품",187336,801413
"2024.07","아동·유아용품",73064,333543
"2024.07","음·식료품",646122,2190001
"2024.07","농축수산물",227862,751319
"2024.07","생활용품",364217,1277069
"2024.07","자동차 및 자동차용품",272574,141907
"2024.07","가구",111146,339537
"2024.07","애완용품",38278,190612
"2024.07","여행 및 교통서비스",725634,1546343
"2024.07","문화 및 레저서비스",112907,160144
"2024.07","이쿠폰서비스",79671,438033
"2024.07","음식서비스",33890,2504581
"2024.07","기타서비스",123454,109832
"2024.07","기타",71215,115314
"2024.08","합계",4576855,14999641
"2024.08","컴퓨터 및 주변기기",267523,320119
"2024.08","가전·전자·통신기기",410769,1241866
"2024.08","서적",97146,114151
"2024.08","사무·문구",54905,94039
"2024.08","의복",362155,999351
"2024.08","신발",94094,179145
"2024.08","가방",50342,145679
"2024.08","패션용품 및 액세서리",64796,238059
"2024.08","스포츠·레저용품",106775,319309
"2024.08","화장품",178648,834960
"2024.08","아동·유아용품",70550,327189
"2024.08","음·식료품",697052,2334716
"2024.08","농축수산물",255117,807716
"2024.08","생활용품",350877,1251030
"2024.08","자동차 및 자동차용품",306445,135214
"2024.08","가구",105343,339970
"2024.08","애완용품",39678,190100
"2024.08","여행 및 교통서비스",705579,1626290
"2024.08","문화 및 레저서비스",123387,167644
"2024.08","이쿠폰서비스",32466,394347
"2024.08","음식서비스",35334,2685944
"2024.08","기타서비스",106570,132604
"2024.08","기타",61304,120200
"2024.09","합계",4644615,14955882
"2024.09","컴퓨터 및 주변기기",259703,316276
"2024.09","가전·전자·통신기기",470987,1393574
"2024.09","서적",92226,111433
"2024.09","사무·문구",51309,94932
"2024.09","의복",411669,1116919
"2024.09","신발",76550,194905
"2024.09","가방",51443,148016
"2024.09","패션용품 및 액세서리",62369,235003
"2024.09","스포츠·레저용품",110552,333736
"2024.09","화장품",182894,832651
"2024.09","아동·유아용품",67024,325602
"2024.09","음·식료품",696682,2330505
"2024.09","농축수산물",294997,921538
"2024.09","생활용품",319691,1191520
"2024.09","자동차 및 자동차용품",212499,141364
"2024.09","가구",96909,327774
"2024.09","애완용품",35060,182201
"2024.09","여행 및 교통서비스",683744,1389305
"2024.09","문화 및 레저서비스",161938,167441
"2024.09","이쿠폰서비스",41138,461523
"2024.09","음식서비스",32065,2480672
"2024.09","기타서비스",169302,132413
"2024.09","기타",63863,126583
"2024.10","합계",4801772,15403891
"2024.10","컴퓨터 및 주변기기",269950,299854
"2024.10","가전·전자·통신기기",476074,1309005
"2024.10","서적",88035,117294
"2024.10","사무·문구",62343,107963
"2024.10","의복",524142,1556269
"2024.10","신발",78708,230026
"2024.10","가방",50388,145654
"2024.10","패션용품 및 액세서리",68732,248815
"2024.10","스포츠·레저용품",139276,392618
"2024.10","화장품",186657,844089
"2024.10","아동·유아용품",79945,353659
"2024.10","음·식료품",652872,2240829
"2024.10","농축수산물",240937,788154
"2024.10","생활용품",364138,1236281
"2024.10","자동차 및 자동차용품",198056,152843
"2024.10","가구",116969,367401
"2024.10","애완용품",40728,193379
"2024.10","여행 및 교통서비스",768819,1493506
"2024.10","문화 및 레저서비스",112487,157190
"2024.10","이쿠폰서비스",50509,394516
"2024.10","음식서비스",32309,2501951
"2024.10","기타서비스",131294,144379
"2024.10","기타",68403,128216
"2024.11 p)","합계",5238132,15903426
"2024.11 p)","컴퓨터 및 주변기기",324308,404879
"2024.11 p)","가전·전자·통신기기",496951,1400869
"2024.11 p)","서적",101547,102962
"2024.11 p)","사무·문구",68989,119829
"2024.11 p)","의복",661029,1757806
"2024.11 p)","신발",114736,276358
"2024.11 p)","가방",48345,144035
"2024.11 p)","패션용품 및 액세서리",71612,263634
"2024.11 p)","스포츠·레저용품",149706,372161
"2024.11 p)","화장품",205439,878058
"2024.11 p)","아동·유아용품",83774,366642
"2024.11 p)","음·식료품",663678,2241727
"2024.11 p)","농축수산물",245668,791741
"2024.11 p)","생활용품",379692,1231172
"2024.11 p)","자동차 및 자동차용품",335171,161458
"2024.11 p)","가구",120668,372457
"2024.11 p)","애완용품",40730,191468
"2024.11 p)","여행 및 교통서비스",688081,1417280
"2024.11 p)","문화 및 레저서비스",100329,151059
"2024.11 p)","이쿠폰서비스",62334,462175
"2024.11 p)","음식서비스",30714,2456632
"2024.11 p)","기타서비스",171388,203496
"2024.11 p)","기타",73246,135527
"2024.12 p)","합계",5009869,16204791
"2024.12 p)","컴퓨터 및 주변기기",339852,349240
"2024.12 p)","가전·전자·통신기기",420100,1259257
"2024.12 p)","서적",104219,131593
"2024.12 p)","사무·문구",78544,139902
"2024.12 p)","의복",527686,1620098
"2024.12 p)","신발",74162,268212
"2024.12 p)","가방",55720,147188
"2024.12 p)","패션용품 및 액세서리",87223,315282
"2024.12 p)","스포츠·레저용품",133616,300725
"2024.12 p)","화장품",203153,939104
"2024.12 p)","아동·유아용품",98750,426823
"2024.12 p)","음·식료품",635251,2289418
"2024.12 p)","농축수산물",255558,862057
"2024.12 p)","생활용품",366928,1242391
"2024.12 p)","자동차 및 자동차용품",243151,113980
"2024.12 p)","가구",115786,352470
"2024.12 p)","애완용품",40236,199186
"2024.12 p)","여행 및 교통서비스",754717,1478405
"2024.12 p)","문화 및 레저서비스",82688,117604
"2024.12 p)","이쿠폰서비스",69173,504346
"2024.12 p)","음식서비스",34997,2808932
"2024.12 p)","기타서비스",212747,194445
"2024.12 p)","기타",75613,144134
